Date,Price,Open,High,Low,Vol.,Change %
"Aug 13, 2021","34,55,044","33,00,838","34,67,034","32,88,482",-,4.72%
"Aug 12, 2021","32,99,423","33,73,739","34,29,384","32,58,389",-,-2.25%
"Aug 11, 2021","33,75,325","33,92,836","34,70,027","33,75,325",-,-0.53%
"Aug 10, 2021","33,93,169","34,48,303","34,74,923","33,29,552",-,-1.73%
"Aug 09, 2021","34,52,790","32,52,782","34,59,893","31,78,803",-,6.21%
"Aug 08, 2021","32,51,059","33,07,729","33,60,053","32,14,407",-,-1.71%
"Aug 07, 2021","33,07,456","31,74,358","33,16,014","31,55,744",-,4.12%
"Aug 06, 2021","31,76,520","30,27,221","32,17,097","29,59,525",-,4.95%
"Aug 05, 2021","30,26,789","29,48,261","30,63,496","27,74,897",-,2.66%
"Aug 04, 2021","29,48,335","28,35,717","29,65,058","27,87,838",-,4.18%
"Aug 03, 2021","28,30,121","29,09,072","29,56,381","27,96,850",-,-2.81%
"Aug 02, 2021","29,12,071","29,62,657","30,08,843","28,78,651",-,-1.99%
"Aug 01, 2021","29,71,047","30,82,417","31,64,549","29,39,884",-,-3.72%
"Jul 31, 2021","30,85,944","31,36,815","31,36,870","30,52,494",-,-1.77%
"Jul 30, 2021","31,41,539","29,74,010","31,41,539","28,53,995",-,5.82%
"Jul 29, 2021","29,68,835","29,73,587","30,18,524","29,26,398",-,-0.25%
"Jul 28, 2021","29,76,345","29,38,791","30,35,807","28,95,186",-,1.30%
"Jul 27, 2021","29,38,017","27,70,404","29,38,017","27,07,873",-,5.95%
"Jul 26, 2021","27,73,056","26,34,642","30,09,035","26,24,276",-,5.36%
"Jul 25, 2021","26,31,931","25,60,727","26,33,280","25,22,349",-,4.55%
"Jul 24, 2021","25,17,402","25,01,100","25,25,723","24,87,341",-,0.74%
"Jul 23, 2021","24,98,913","24,04,464","24,98,913","23,85,184",-,3.92%
"Jul 22, 2021","24,04,607","23,92,569","24,19,058","23,63,136",-,0.59%
"Jul 21, 2021","23,90,425","22,21,538","24,42,516","22,01,189",-,7.66%
"Jul 20, 2021","22,20,419","23,08,288","23,23,148","21,86,212",-,-3.72%
"Jul 19, 2021","23,06,247","23,70,360","23,84,416","22,88,144",-,-2.71%
"Jul 18, 2021","23,70,535","23,50,215","24,17,358","23,29,913",-,0.88%
"Jul 17, 2021","23,49,843","23,41,226","23,81,114","23,28,121",-,0.26%
"Jul 16, 2021","23,43,821","23,73,076","24,05,273","23,18,171",-,-1.01%
"Jul 15, 2021","23,67,618","24,44,272","24,70,551","23,24,577",-,-3.12%
"Jul 14, 2021","24,43,825","24,43,382","24,63,071","23,58,974",-,0.09%
"Jul 13, 2021","24,41,624","24,67,012","24,81,284","24,07,316",-,-1.17%
"Jul 12, 2021","24,70,421","25,51,031","25,78,866","24,35,881",-,-3.09%
"Jul 11, 2021","25,49,301","24,96,227","25,75,609","24,81,801",-,2.15%
"Jul 10, 2021","24,95,612","25,17,546","25,49,116","24,63,447",-,-0.96%
"Jul 09, 2021","25,19,692","24,55,820","25,39,847","24,14,296",-,2.60%
"Jul 08, 2021","24,55,820","25,26,745","25,35,278","24,04,767",-,-3.03%
"Jul 07, 2021","25,32,458","25,58,653","26,15,574","25,29,019",-,-1.02%
"Jul 06, 2021","25,58,491","25,03,318","26,12,127","25,02,259",-,2.23%
"Jul 05, 2021","25,02,714","26,25,760","26,25,760","24,66,767",-,-4.88%
"Jul 04, 2021","26,31,093","25,88,939","26,79,860","25,88,939",-,1.63%
"Jul 03, 2021","25,88,939","25,19,865","25,98,887","24,86,402",-,2.68%
"Jul 02, 2021","25,21,421","24,97,125","25,29,241","24,46,267",-,0.92%
"Jul 01, 2021","24,98,375","26,04,800","26,04,800","24,49,246",-,-4.11%
"Jun 30, 2021","26,05,588","26,66,037","26,81,412","25,33,149",-,-2.22%
"Jun 29, 2021","26,64,759","25,60,698","27,18,866","25,42,928",-,4.21%
"Jun 28, 2021","25,57,036","25,72,773","26,14,246","25,21,043",-,-0.47%
"Jun 27, 2021","25,69,005","23,91,126","25,71,526","23,78,128",-,7.72%
"Jun 26, 2021","23,84,783","23,45,021","24,23,282","22,42,323",-,1.61%
"Jun 25, 2021","23,46,951","25,71,516","26,31,267","23,26,827",-,-8.77%
"Jun 24, 2021","25,72,436","24,92,594","26,14,066","24,00,616",-,3.12%
"Jun 23, 2021","24,94,511","24,15,307","25,76,479","23,58,532",-,3.37%
"Jun 22, 2021","24,13,293","23,50,989","24,68,147","21,46,074",-,2.63%
"Jun 21, 2021","23,51,400","26,38,577","26,45,832","23,18,925",-,-11.02%
"Jun 20, 2021","26,42,638","26,31,644","26,75,525","24,73,328",-,0.26%
"Jun 19, 2021","26,35,807","26,49,595","26,94,639","25,82,747",-,-0.46%
"Jun 18, 2021","26,48,011","28,25,658","28,31,283","26,07,925",-,-6.18%
"Jun 17, 2021","28,22,293","28,08,880","29,28,258","27,78,494",-,0.48%
"Jun 16, 2021","28,08,885","29,44,307","29,71,643","27,96,284",-,-4.63%
"Jun 15, 2021","29,45,278","29,65,317","30,31,029","29,04,349",-,-0.71%
"Jun 14, 2021","29,66,356","28,58,240","29,99,071","28,39,524",-,3.55%
"Jun 13, 2021","28,64,636","25,97,816","28,79,482","25,50,906",-,10.15%
"Jun 12, 2021","26,00,598","27,32,686","27,41,991","25,43,260",-,-4.80%
"Jun 11, 2021","27,31,845","26,82,922","27,50,145","26,29,189",-,2.02%
"Jun 10, 2021","26,77,750","27,28,036","28,01,883","26,17,811",-,-1.67%
"Jun 09, 2021","27,23,199","24,34,862","27,38,179","23,65,494",-,11.66%
"Jun 08, 2021","24,38,934","24,39,461","24,79,373","22,73,192",-,-0.24%
"Jun 07, 2021","24,44,694","26,07,059","26,77,959","24,32,070",-,-6.38%
"Jun 06, 2021","26,11,294","25,87,788","26,54,521","25,69,359",-,0.88%
"Jun 05, 2021","25,88,446","26,84,177","27,60,626","25,38,871",-,-3.60%
"Jun 04, 2021","26,84,975","28,67,120","28,67,120","26,02,094",-,-6.18%
"Jun 03, 2021","28,61,723","27,39,907","28,75,858","27,13,081",-,4.47%
"Jun 02, 2021","27,39,283","26,73,029","27,87,298","26,21,490",-,2.51%
"Jun 01, 2021","26,72,281","27,04,762","27,43,421","26,04,603",-,-1.18%
"May 31, 2021","27,04,282","25,81,404","27,17,000","24,75,667",-,4.76%
"May 30, 2021","25,81,365","25,03,634","26,33,152","24,21,072",-,3.18%
"May 29, 2021","25,01,894","25,82,381","26,95,054","24,37,607",-,-3.09%
"May 28, 2021","25,81,770","28,01,174","28,23,279","25,17,801",-,-7.45%
"May 27, 2021","27,89,662","28,50,599","29,27,467","27,05,492",-,-2.16%
"May 26, 2021","28,51,129","27,90,972","29,60,438","27,55,013",-,2.03%
"May 25, 2021","27,94,306","28,22,286","28,93,099","26,59,598",-,-0.74%
"May 24, 2021","28,15,175","25,28,548","29,03,920","25,11,281",-,11.53%
"May 23, 2021","25,24,241","27,25,080","27,83,733","22,71,771",-,-7.44%
"May 22, 2021","27,27,166","27,13,479","28,21,891","25,71,986",-,0.62%
"May 21, 2021","27,10,253","29,58,193","30,71,647","24,47,313",-,-8.95%
"May 20, 2021","29,76,543","26,85,061","30,97,890","25,63,377",-,10.12%
"May 19, 2021","27,03,090","31,37,063","31,80,592","22,25,206",-,-13.78%
"May 18, 2021","31,35,162","31,97,060","33,41,936","30,93,226",-,-1.79%
"May 17, 2021","31,92,231","34,05,157","34,09,490","30,92,078",-,-6.20%
"May 16, 2021","34,03,170","34,24,410","36,46,470","32,19,011",-,-0.74%
"May 15, 2021","34,28,552","36,51,806","37,10,537","34,19,779",-,-6.18%
"May 14, 2021","36,54,284","36,46,153","37,66,454","35,84,712",-,0.11%
"May 13, 2021","36,50,144","36,15,754","37,76,038","33,96,041",-,0.76%
"May 12, 2021","36,22,716","41,58,159","42,56,967","36,22,716",-,-12.87%
"May 11, 2021","41,57,636","41,02,392","41,70,913","40,09,339",-,1.33%
"May 10, 2021","41,03,177","42,74,415","43,65,037","39,34,159",-,-3.76%
"May 09, 2021","42,63,276","43,10,304","43,41,081","41,37,514",-,-1.00%
"May 08, 2021","43,06,345","42,01,456","43,58,638","41,76,455",-,2.48%
"May 07, 2021","42,02,123","41,50,775","42,95,233","40,69,390",-,1.25%
"May 06, 2021","41,50,186","42,42,014","43,01,970","40,68,503",-,-2.05%
"May 05, 2021","42,37,213","39,89,353","42,76,346","39,89,353",-,6.21%
"May 04, 2021","39,89,353","42,22,129","42,22,129","39,89,353",-,-5.40%
"May 03, 2021","42,17,097","41,88,979","43,64,246","41,74,944",-,0.61%
"May 02, 2021","41,91,546","42,79,754","42,84,332","41,55,243",-,-2.07%
"May 01, 2021","42,80,121","42,73,376","43,28,077","42,22,357",-,0.00%
"Apr 30, 2021","42,80,074","39,68,226","42,88,089","39,31,746",-,7.86%
"Apr 29, 2021","39,68,001","40,86,762","41,09,105","38,82,062",-,-2.82%
"Apr 28, 2021","40,83,202","41,06,972","42,02,395","40,07,930",-,-0.51%
"Apr 27, 2021","41,04,095","40,31,010","41,32,335","39,79,196",-,1.66%
"Apr 26, 2021","40,37,097","36,87,142","40,58,881","36,57,519",-,10.04%
"Apr 25, 2021","36,68,712","37,52,131","37,84,631","35,27,469",-,-2.17%
"Apr 24, 2021","37,50,029","38,29,896","38,33,533","36,52,627",-,-2.03%
"Apr 23, 2021","38,27,629","38,78,887","39,14,035","35,74,581",-,-1.49%
"Apr 22, 2021","38,85,715","40,62,721","41,55,848","38,05,728",-,-4.30%
"Apr 21, 2021","40,60,266","42,59,495","42,78,666","40,48,490",-,-4.64%
"Apr 20, 2021","42,57,724","41,71,509","43,00,937","39,91,980",-,2.04%
"Apr 19, 2021","41,72,596","41,93,980","43,01,643","40,63,125",-,-0.37%
"Apr 18, 2021","41,88,069","44,75,820","44,99,073","38,47,534",-,-6.45%
"Apr 17, 2021","44,76,941","45,71,926","46,58,682","44,45,968",-,-2.13%
"Apr 16, 2021","45,74,192","47,29,247","47,44,275","44,65,058",-,-3.16%
"Apr 15, 2021","47,23,477","47,38,987","47,70,640","46,63,310",-,-0.09%
"Apr 14, 2021","47,27,708","47,87,810","48,68,881","46,06,056",-,-1.10%
"Apr 13, 2021","47,80,219","44,88,902","47,92,529","44,87,601",-,6.47%
"Apr 12, 2021","44,89,523","44,95,280","45,86,367","44,54,456",-,0.09%
"Apr 11, 2021","44,85,548","44,63,336","45,33,616","44,28,535",-,0.50%
"Apr 10, 2021","44,63,356","43,44,137","45,79,657","43,27,570",-,2.77%
"Apr 09, 2021","43,43,022","43,30,935","43,97,153","43,14,871",-,0.24%
"Apr 08, 2021","43,32,413","41,62,637","43,35,223","41,43,932",-,4.26%
"Apr 07, 2021","41,55,361","42,61,382","43,31,799","41,27,298",-,-2.50%
"Apr 06, 2021","42,61,811","43,37,698","43,56,980","42,19,910",-,-1.47%
"Apr 05, 2021","43,25,340","42,74,116","43,43,140","41,66,833",-,1.26%
"Apr 04, 2021","42,71,513","41,86,875","42,90,014","41,43,287",-,2.08%
"Apr 03, 2021","41,84,414","43,27,748","43,86,271","41,75,069",-,-3.34%
"Apr 02, 2021","43,29,138","43,10,741","44,11,212","42,90,073",-,0.55%
"Apr 01, 2021","43,05,654","42,96,743","43,57,025","42,60,462",-,0.25%
"Mar 31, 2021","42,95,089","43,15,433","43,88,935","41,77,653",-,-0.42%
"Mar 30, 2021","43,13,115","41,94,187","43,60,329","41,56,419",-,2.88%
"Mar 29, 2021","41,92,348","40,51,510","42,43,384","39,88,529",-,3.50%
"Mar 28, 2021","40,50,739","40,55,966","41,00,672","39,77,044",-,-0.10%
"Mar 27, 2021","40,54,941","39,95,429","41,04,772","39,21,562",-,1.40%
"Mar 26, 2021","39,99,005","37,24,602","39,99,005","37,24,602",-,7.16%
"Mar 25, 2021","37,31,793","38,06,739","38,61,127","36,66,286",-,-2.16%
"Mar 24, 2021","38,14,339","39,40,431","41,50,882","37,56,821",-,-3.48%
"Mar 23, 2021","39,52,016","39,14,489","40,48,568","38,32,562",-,0.77%
"Mar 22, 2021","39,21,928","41,59,279","42,24,035","38,90,361",-,-5.60%
"Mar 21, 2021","41,54,522","42,06,855","42,41,070","40,26,771",-,-1.16%
"Mar 20, 2021","42,03,228","42,07,354","43,35,347","41,90,834",-,-0.11%
"Mar 19, 2021","42,07,685","41,90,817","43,04,791","40,93,265",-,0.37%
"Mar 18, 2021","41,92,336","42,89,499","43,63,906","41,53,288",-,-1.89%
"Mar 17, 2021","42,73,213","41,27,136","42,75,775","39,39,025",-,3.61%
"Mar 16, 2021","41,24,246","40,37,429","41,24,246","38,72,413",-,1.93%
"Mar 15, 2021","40,46,335","42,99,582","44,05,202","40,05,801",-,-5.92%
"Mar 14, 2021","43,00,882","44,48,629","44,82,952","43,00,882",-,-3.46%
"Mar 13, 2021","44,54,866","41,62,687","44,94,208","40,79,403",-,7.05%
"Mar 12, 2021","41,61,468","42,08,530","42,20,189","40,08,044",-,-0.82%
"Mar 11, 2021","41,95,852","40,60,104","42,26,200","39,56,332",-,3.00%
"Mar 10, 2021","40,73,659","39,95,412","41,68,884","38,70,508",-,2.10%
"Mar 09, 2021","39,90,013","38,44,997","39,99,744","38,07,979",-,4.12%
"Mar 08, 2021","38,31,957","37,31,519","38,41,123","36,06,044",-,2.44%
"Mar 07, 2021","37,40,702","35,78,297","37,63,814","35,78,297",-,4.56%
"Mar 06, 2021","35,77,527","35,71,671","36,00,448","34,49,629",-,0.05%
"Mar 05, 2021","35,75,587","35,36,499","36,17,104","33,88,905",-,1.00%
"Mar 04, 2021","35,40,226","36,75,759","37,77,031","34,56,393",-,-3.82%
"Mar 03, 2021","36,80,660","35,45,733","38,24,793","35,27,003",-,3.84%
"Mar 02, 2021","35,44,437","36,39,517","36,83,463","34,52,170",-,-2.60%
"Mar 01, 2021","36,39,207","33,42,246","36,52,659","33,27,820",-,9.29%
"Feb 28, 2021","33,29,987","34,09,720","34,42,619","31,84,997",-,-2.44%
"Feb 27, 2021","34,13,444","34,25,330","35,74,903","33,29,401",-,-0.31%
"Feb 26, 2021","34,23,892","34,20,751","35,77,913","32,36,370",-,0.30%
"Feb 25, 2021","34,13,539","36,00,704","37,69,928","34,13,539",-,-5.12%
"Feb 24, 2021","35,97,609","35,40,609","37,12,915","34,04,198",-,1.68%
"Feb 23, 2021","35,38,221","39,17,551","39,17,551","32,67,368",-,-9.78%
"Feb 22, 2021","39,21,794","41,69,431","41,69,793","35,19,646",-,-5.91%
"Feb 21, 2021","41,68,175","40,56,806","42,32,665","40,26,485",-,2.57%
"Feb 20, 2021","40,63,566","40,54,882","41,73,658","39,30,814",-,0.23%
"Feb 19, 2021","40,54,436","37,49,389","40,80,287","36,92,498",-,8.26%
"Feb 18, 2021","37,45,109","37,98,610","38,22,689","36,97,790",-,-1.32%
"Feb 17, 2021","37,95,292","35,84,723","38,27,844","35,73,579",-,6.01%
"Feb 16, 2021","35,80,284","34,80,970","36,74,791","34,15,364",-,2.85%
"Feb 15, 2021","34,81,114","35,27,825","35,52,172","33,18,687",-,-1.42%
"Feb 14, 2021","35,31,391","34,23,221","36,07,969","34,14,797",-,3.25%
"Feb 13, 2021","34,20,171","34,37,322","34,89,570","33,58,484",-,-0.67%
"Feb 12, 2021","34,43,170","34,89,646","35,62,883","33,57,449",-,-1.35%
"Feb 11, 2021","34,90,412","32,66,506","35,35,042","32,07,109",-,6.81%
"Feb 10, 2021","32,67,857","33,83,835","34,43,915","31,91,797",-,-3.50%
"Feb 09, 2021","33,86,453","33,81,629","35,05,005","32,85,839",-,0.07%
"Feb 08, 2021","33,84,019","28,26,530","34,07,340","27,71,228",-,19.59%
"Feb 07, 2021","28,29,597","28,55,204","28,89,407","27,21,457",-,-1.07%
"Feb 06, 2021","28,60,085","27,88,373","29,79,179","27,87,775",-,2.56%
"Feb 05, 2021","27,88,606","26,97,150","27,89,943","26,70,007",-,3.42%
"Feb 04, 2021","26,96,417","27,41,335","28,21,607","26,52,833",-,-1.58%
"Feb 03, 2021","27,39,814","25,86,376","27,39,814","25,86,376",-,5.89%
"Feb 02, 2021","25,87,423","24,47,327","26,22,366","24,46,474",-,5.57%
"Feb 01, 2021","24,50,843","24,12,846","25,34,862","23,55,885",-,1.61%
"Jan 31, 2021","24,11,950","24,99,160","25,03,973","23,46,766",-,-3.38%
"Jan 30, 2021","24,96,350","25,02,536","25,47,455","24,00,556",-,-0.20%
"Jan 29, 2021","25,01,344","24,32,660","28,05,075","23,31,312",-,2.77%
"Jan 28, 2021","24,33,951","22,18,752","24,62,280","21,83,956",-,9.81%
"Jan 27, 2021","22,16,491","23,68,645","23,72,172","21,41,381",-,-6.43%
"Jan 26, 2021","23,68,885","23,48,884","23,99,148","22,49,718",-,0.53%
"Jan 25, 2021","23,56,434","23,53,004","25,41,831","23,30,241",-,0.12%
"Jan 24, 2021","23,53,681","23,41,251","24,10,962","22,61,283",-,0.47%
"Jan 23, 2021","23,42,712","24,08,077","24,39,464","22,92,248",-,-2.88%
"Jan 22, 2021","24,12,153","22,49,177","24,66,558","21,13,725",-,7.20%
"Jan 21, 2021","22,50,184","25,84,837","25,89,273","21,97,688",-,-13.01%
"Jan 20, 2021","25,86,589","26,24,026","26,62,281","24,40,638",-,-1.85%
"Jan 19, 2021","26,35,244","26,80,074","27,65,617","26,35,244",-,-1.62%
"Jan 18, 2021","26,78,660","26,25,825","27,44,284","25,49,727",-,2.29%
"Jan 17, 2021","26,18,786","26,33,989","26,90,457","24,78,153",-,-0.71%
"Jan 16, 2021","26,37,538","26,87,230","27,72,745","25,88,178",-,-2.02%
"Jan 15, 2021","26,91,909","28,63,840","29,02,366","25,28,251",-,-6.35%
"Jan 14, 2021","28,74,347","27,36,700","29,27,722","26,92,488",-,5.09%
"Jan 13, 2021","27,35,178","24,85,413","27,60,768","23,78,555",-,9.60%
"Jan 12, 2021","24,95,704","26,01,299","26,82,912","23,88,189",-,-4.43%
"Jan 11, 2021","26,11,433","28,00,962","28,00,962","22,39,238",-,-6.80%
"Jan 10, 2021","28,01,869","29,40,349","30,30,745","25,86,189",-,-4.71%
"Jan 09, 2021","29,40,446","29,76,120","30,31,828","28,46,334",-,-1.36%
"Jan 08, 2021","29,81,017","29,04,163","30,70,101","26,89,668",-,3.10%
"Jan 07, 2021","28,91,272","26,88,935","29,51,453","26,62,488",-,7.39%
"Jan 06, 2021","26,92,429","24,89,066","26,98,516","24,42,771",-,8.63%
"Jan 05, 2021","24,78,449","23,41,970","25,12,585","21,96,402",-,6.01%
"Jan 04, 2021","23,37,830","24,13,083","24,51,246","20,70,564",-,-2.91%
"Jan 03, 2021","24,07,885","23,52,037","25,39,109","23,38,546",-,2.40%
"Jan 02, 2021","23,51,553","21,43,831","24,30,100","21,18,975",-,9.72%
"Jan 01, 2021","21,43,328","21,12,402","21,62,716","20,95,564",-,1.30%
"Dec 31, 2020","21,15,850","21,13,827","21,44,520","20,49,764",-,0.17%
"Dec 30, 2020","21,12,246","20,10,204","21,18,890","20,10,204",-,5.07%
"Dec 29, 2020","20,10,312","19,91,555","20,11,198","19,06,321",-,0.98%
"Dec 28, 2020","19,90,742","19,34,107","20,16,959","19,23,375",-,3.07%
"Dec 27, 2020","19,31,355","19,46,395","20,87,798","19,04,538",-,-0.79%
"Dec 26, 2020","19,46,697","18,17,140","19,75,441","18,03,051",-,7.34%
"Dec 25, 2020","18,13,646","17,45,473","18,22,643","17,26,071",-,3.84%
"Dec 24, 2020","17,46,600","17,14,815","17,48,878","16,79,315",-,1.74%
"Dec 23, 2020","17,16,793","17,58,522","17,74,948","16,75,080",-,-2.41%
"Dec 22, 2020","17,59,138","16,82,050","17,59,138","16,54,777",-,4.51%
"Dec 21, 2020","16,83,175","17,25,692","17,73,203","16,31,309",-,-2.56%
"Dec 20, 2020","17,27,320","17,54,384","17,83,873","16,99,210",-,-1.61%
"Dec 19, 2020","17,55,541","17,01,246","17,73,069","16,78,062",-,3.15%
"Dec 18, 2020","17,01,989","16,78,913","17,10,377","16,45,983",-,1.50%
"Dec 17, 2020","16,76,896","15,71,266","17,48,387","15,64,205",-,6.59%
"Dec 16, 2020","15,73,221","14,29,184","15,84,728","14,18,988",-,10.08%
"Dec 15, 2020","14,29,199","14,19,748","14,39,940","14,04,867",-,0.69%
"Dec 14, 2020","14,19,464","14,13,286","14,24,914","14,00,621",-,0.44%
"Dec 13, 2020","14,13,210","13,87,022","14,30,758","13,80,208",-,2.02%
"Dec 12, 2020","13,85,190","13,28,978","13,95,611","13,28,978",-,3.95%
"Dec 11, 2020","13,32,557","13,47,188","13,48,099","12,98,470",-,-0.94%
"Dec 10, 2020","13,45,146","13,67,418","13,67,954","13,21,918",-,-1.62%
"Dec 09, 2020","13,67,310","13,47,466","13,73,521","12,98,497",-,1.17%
"Dec 08, 2020","13,51,492","14,15,349","14,22,857","13,43,914",-,-4.51%
"Dec 07, 2020","14,15,253","14,28,820","14,33,273","13,97,034",-,-1.04%
"Dec 06, 2020","14,30,182","14,12,311","14,32,536","13,92,009",-,1.23%
"Dec 05, 2020","14,12,751","13,76,287","14,14,408","13,65,334",-,2.65%
"Dec 04, 2020","13,76,337","14,34,828","14,42,213","13,73,978",-,-4.11%
"Dec 03, 2020","14,35,299","14,17,786","14,46,560","13,92,162",-,1.36%
"Dec 02, 2020","14,16,085","13,78,633","14,25,718","13,46,946",-,2.68%
"Dec 01, 2020","13,79,136","14,57,405","14,64,702","13,42,913",-,-5.37%
"Nov 30, 2020","14,57,389","13,44,261","14,66,491","13,44,261",-,8.46%
"Nov 29, 2020","13,43,721","13,10,657","13,55,407","12,95,517",-,2.60%
"Nov 28, 2020","13,09,672","12,66,941","13,20,989","12,47,704",-,3.54%
"Nov 27, 2020","12,64,837","12,66,823","12,87,608","12,20,404",-,-0.05%
"Nov 26, 2020","12,65,506","13,79,868","13,94,265","11,97,375",-,-8.49%
"Nov 25, 2020","13,82,898","14,18,625","14,38,769","13,67,759",-,-2.61%
"Nov 24, 2020","14,19,918","13,62,985","14,38,426","13,36,485",-,4.09%
"Nov 23, 2020","13,64,123","13,65,433","13,88,758","13,35,639",-,0.01%
"Nov 22, 2020","13,64,026","13,84,670","13,89,665","13,08,219",-,-1.49%
"Nov 21, 2020","13,84,711","13,83,940","14,05,463","13,62,604",-,0.14%
"Nov 20, 2020","13,82,776","13,19,263","13,93,928","13,15,860",-,4.85%
"Nov 19, 2020","13,18,784","13,17,861","13,47,114","12,90,001",-,0.14%
"Nov 18, 2020","13,16,948","13,14,415","13,74,608","12,82,720",-,0.10%
"Nov 17, 2020","13,15,569","12,42,605","13,27,785","12,32,431",-,5.89%
"Nov 16, 2020","12,42,364","11,89,631","12,55,473","11,84,193",-,4.44%
"Nov 15, 2020","11,89,561","11,98,451","12,04,872","11,76,845",-,-0.75%
"Nov 14, 2020","11,98,495","12,17,173","12,17,516","11,72,070",-,-1.54%
"Nov 13, 2020","12,17,261","12,17,374","12,29,943","11,91,931",-,0.09%
"Nov 12, 2020","12,16,219","11,68,066","12,20,268","11,52,092",-,4.11%
"Nov 11, 2020","11,68,184","11,36,430","11,87,240","11,34,864",-,2.78%
"Nov 10, 2020","11,36,635","11,34,901","11,45,710","11,21,742",-,0.24%
"Nov 09, 2020","11,33,964","11,45,430","11,67,665","10,98,102",-,-0.96%
"Nov 08, 2020","11,44,900","10,96,462","11,56,845","10,88,486",-,4.45%
"Nov 07, 2020","10,96,098","11,51,888","11,65,138","10,64,177",-,-4.87%
"Nov 06, 2020","11,52,260","11,52,653","11,79,660","11,26,082",-,0.05%
"Nov 05, 2020","11,51,688","10,52,140","11,63,268","10,48,218",-,9.56%
"Nov 04, 2020","10,51,168","10,46,487","10,58,864","10,14,277",-,0.54%
"Nov 03, 2020","10,45,560","10,10,266","10,48,481","9,88,304",-,3.48%
"Nov 02, 2020","10,10,396","10,26,469","10,30,790","9,83,652",-,-1.50%
"Nov 01, 2020","10,25,777","10,28,613","10,35,568","10,16,327",-,-0.31%
"Oct 31, 2020","10,28,993","10,10,841","10,49,663","10,02,110",-,1.83%
"Oct 30, 2020","10,10,470","10,00,607","10,18,601","9,76,449",-,1.04%
"Oct 29, 2020","10,00,069","9,84,670","10,14,165","9,66,689",-,1.49%
"Oct 28, 2020","9,85,338","10,04,211","10,19,893","9,57,773",-,-1.85%
"Oct 27, 2020","10,03,864","9,65,433","10,14,790","9,63,312",-,3.96%
"Oct 26, 2020","9,65,630","9,62,343","9,78,719","9,46,848",-,0.43%
"Oct 25, 2020","9,61,534","9,68,307","9,85,129","9,52,311",-,-0.72%
"Oct 24, 2020","9,68,462","9,54,918","9,71,593","9,50,578",-,1.44%
"Oct 23, 2020","9,54,760","9,55,385","9,58,997","9,40,954",-,-0.11%
"Oct 22, 2020","9,55,826","9,41,442","9,70,695","9,35,961",-,1.40%
"Oct 21, 2020","9,42,674","8,74,746","9,71,774","8,73,344",-,7.78%
"Oct 20, 2020","8,74,639","8,62,068","8,83,229","8,57,324",-,1.47%
"Oct 19, 2020","8,61,955","8,44,944","8,66,068","8,37,554",-,2.06%
"Oct 18, 2020","8,44,528","8,34,416","8,44,528","8,33,519",-,1.23%
"Oct 17, 2020","8,34,270","8,31,431","8,37,330","8,27,964",-,0.38%
"Oct 16, 2020","8,31,153","8,44,886","8,47,451","8,23,290",-,-1.57%
"Oct 15, 2020","8,44,451","8,36,866","8,50,774","8,28,354",-,0.92%
"Oct 14, 2020","8,36,783","8,38,384","8,44,972","8,27,209",-,-0.19%
"Oct 13, 2020","8,38,365","8,45,664","8,46,999","8,30,815",-,-0.91%
"Oct 12, 2020","8,46,105","8,30,109","8,59,105","8,23,852",-,1.93%
"Oct 11, 2020","8,30,110","8,24,631","8,35,329","8,23,318",-,0.64%
"Oct 10, 2020","8,24,829","8,07,047","8,38,056","8,07,025",-,2.19%
"Oct 09, 2020","8,07,164","8,00,987","8,10,954","7,92,640",-,0.75%
"Oct 08, 2020","8,01,152","7,82,287","8,02,624","7,72,349",-,2.38%
"Oct 07, 2020","7,82,543","7,78,482","7,83,261","7,75,096",-,0.50%
"Oct 06, 2020","7,78,621","7,89,254","7,91,252","7,73,118",-,-1.25%
"Oct 05, 2020","7,88,454","7,81,552","7,88,474","7,77,525",-,0.79%
"Oct 04, 2020","7,82,240","7,72,680","7,83,516","7,70,995",-,1.27%
"Oct 03, 2020","7,72,429","7,74,719","7,76,699","7,69,671",-,-0.26%
"Oct 02, 2020","7,74,461","7,77,777","7,80,905","7,60,741",-,-0.44%
"Oct 01, 2020","7,77,880","7,93,126","7,99,558","7,65,889",-,-1.81%
"Sep 30, 2020","7,92,221","7,99,825","8,00,098","7,86,024",-,-0.92%
"Sep 29, 2020","7,99,604","7,87,048","8,00,915","7,84,927",-,1.43%
"Sep 28, 2020","7,88,339","7,94,899","8,06,605","7,88,296",-,-0.73%
"Sep 27, 2020","7,94,109","7,90,388","7,95,579","7,81,338",-,0.45%
"Sep 26, 2020","7,90,589","7,87,460","7,94,935","7,84,854",-,0.44%
"Sep 25, 2020","7,87,154","7,93,582","7,94,675","7,77,887",-,-0.73%
"Sep 24, 2020","7,92,958","7,53,577","7,97,040","7,50,599",-,5.32%
"Sep 23, 2020","7,52,902","7,74,218","7,74,579","7,46,674",-,-2.72%
"Sep 22, 2020","7,73,928","7,66,699","7,77,217","7,62,304",-,0.84%
"Sep 21, 2020","7,67,510","8,02,922","8,07,812","7,60,306",-,-4.43%
"Sep 20, 2020","8,03,078","8,14,890","8,14,890","7,92,102",-,-1.42%
"Sep 19, 2020","8,14,653","8,03,949","8,21,970","8,00,741",-,1.34%
"Sep 18, 2020","8,03,886","8,05,544","8,09,863","7,95,615",-,-0.16%
"Sep 17, 2020","8,05,161","8,05,458","8,11,729","7,92,074",-,0.01%
"Sep 16, 2020","8,05,114","7,94,138","8,15,279","7,85,318",-,1.44%
"Sep 15, 2020","7,93,663","7,82,727","8,04,374","7,81,623",-,1.38%
"Sep 14, 2020","7,82,885","7,59,195","7,88,501","7,54,149",-,3.21%
"Sep 13, 2020","7,58,518","7,66,681","7,76,910","7,50,303",-,-1.07%
"Sep 12, 2020","7,66,713","7,62,886","7,69,311","7,54,596",-,0.49%
"Sep 11, 2020","7,62,976","7,59,139","7,63,328","7,50,705",-,0.46%
"Sep 10, 2020","7,59,516","7,49,086","7,68,277","7,49,086",-,1.37%
"Sep 09, 2020","7,49,267","7,47,139","7,58,180","7,36,457",-,0.29%
"Sep 08, 2020","7,47,090","7,62,663","7,66,151","7,27,738",-,-1.93%
"Sep 07, 2020","7,61,789","7,50,614","7,64,030","7,26,015",-,1.44%
"Sep 06, 2020","7,51,008","7,44,746","7,58,218","7,33,125",-,0.81%
"Sep 05, 2020","7,44,960","7,65,914","7,73,887","7,24,246",-,-2.82%
"Sep 04, 2020","7,66,594","7,44,769","7,77,888","7,26,677",-,2.83%
"Sep 03, 2020","7,45,469","8,34,459","8,39,419","7,33,832",-,-10.64%
"Sep 02, 2020","8,34,271","8,69,903","8,72,347","8,18,736",-,-4.15%
"Sep 01, 2020","8,70,385","8,53,397","8,79,603","8,46,303",-,1.97%
"Aug 31, 2020","8,53,531","8,57,038","8,62,538","8,50,398",-,-0.28%
"Aug 30, 2020","8,55,916","8,38,341","8,56,076","8,37,923",-,2.05%
"Aug 29, 2020","8,38,705","8,42,575","8,46,489","8,36,045",-,-0.46%
"Aug 28, 2020","8,42,612","8,36,989","8,43,527","8,33,537",-,0.89%
"Aug 27, 2020","8,35,207","8,50,410","8,55,242","8,23,630",-,-1.87%
"Aug 26, 2020","8,51,149","8,40,053","8,56,091","8,35,230",-,1.26%
"Aug 25, 2020","8,40,529","8,71,802","8,72,613","8,25,662",-,-3.58%
"Aug 24, 2020","8,71,770","8,72,598","8,80,853","8,67,833",-,-0.11%
"Aug 23, 2020","8,72,737","8,73,833","8,77,571","8,63,018",-,-0.22%
"Aug 22, 2020","8,74,683","8,63,797","8,75,414","8,52,553",-,1.31%
"Aug 21, 2020","8,63,408","8,89,135","8,90,956","8,61,245",-,-2.92%
"Aug 20, 2020","8,89,342","8,79,799","8,91,075","8,75,785",-,1.16%
"Aug 19, 2020","8,79,101","8,90,806","8,96,204","8,69,748",-,-1.48%
"Aug 18, 2020","8,92,269","9,18,121","9,25,507","8,84,228",-,-2.65%
"Aug 17, 2020","9,16,586","8,92,580","9,30,846","8,81,852",-,2.73%
"Aug 16, 2020","8,92,207","8,87,705","8,93,643","8,76,290",-,0.37%
"Aug 15, 2020","8,88,884","8,80,859","8,97,018","8,78,482",-,0.96%
"Aug 14, 2020","8,80,462","8,82,682","8,87,192","8,70,609",-,-0.05%
"Aug 13, 2020","8,80,930","8,64,954","8,81,306","8,43,605",-,1.85%
"Aug 12, 2020","8,64,929","8,50,157","8,67,854","8,37,205",-,1.72%
"Aug 11, 2020","8,50,288","8,90,364","8,93,596","8,31,715",-,-4.49%
"Aug 10, 2020","8,90,216","8,76,790","9,04,511","8,63,683",-,1.54%
"Aug 09, 2020","8,76,744","8,82,976","8,84,765","8,64,688",-,-0.66%
"Aug 08, 2020","8,82,541","8,69,687","8,85,702","8,65,090",-,1.49%
"Aug 07, 2020","8,69,616","8,80,981","8,91,680","8,51,117",-,-1.26%
"Aug 06, 2020","8,80,726","8,78,490","8,90,831","8,66,135",-,0.27%
"Aug 05, 2020","8,78,366","8,40,564","8,81,096","8,33,868",-,4.56%
"Aug 04, 2020","8,40,047","8,43,806","8,57,623","8,31,701",-,-0.44%
"Aug 03, 2020","8,43,765","8,29,444","8,62,598","8,23,467",-,1.68%
"Aug 02, 2020","8,29,813","8,84,113","9,06,397","7,90,842",-,-6.21%
"Aug 01, 2020","8,84,781","8,49,375","8,88,206","8,40,931",-,4.31%
"Jul 31, 2020","8,48,261","8,31,054","8,57,166","8,21,284",-,2.08%
"Jul 30, 2020","8,30,968","8,31,919","8,36,028","8,14,124",-,-0.11%
"Jul 29, 2020","8,31,919","8,17,588","8,48,987","8,11,482",-,1.77%
"Jul 28, 2020","8,17,429","8,24,297","8,40,032","7,92,863",-,-0.87%
"Jul 27, 2020","8,24,604","7,42,325","8,50,177","7,41,859",-,11.09%
"Jul 26, 2020","7,42,254","7,25,171","7,52,925","7,21,434",-,2.35%
"Jul 25, 2020","7,25,206","7,13,159","7,27,158","7,12,429",-,1.66%
"Jul 24, 2020","7,13,373","7,18,462","7,19,976","7,08,822",-,-0.72%
"Jul 23, 2020","7,18,564","7,10,512","7,22,717","7,06,415",-,1.10%
"Jul 22, 2020","7,10,773","6,99,780","7,11,145","6,94,531",-,1.60%
"Jul 21, 2020","6,99,560","6,84,562","7,03,656","6,84,328",-,2.17%
"Jul 20, 2020","6,84,686","6,90,453","6,90,453","6,83,305",-,-0.72%
"Jul 19, 2020","6,89,661","6,87,058","6,90,883","6,82,187",-,0.39%
"Jul 18, 2020","6,87,002","6,85,926","6,89,310","6,83,681",-,0.15%
"Jul 17, 2020","6,85,975","6,86,788","6,88,443","6,82,259",-,-0.09%
"Jul 16, 2020","6,86,571","6,91,346","6,93,456","6,81,240",-,-0.63%
"Jul 15, 2020","6,90,924","6,97,935","6,99,287","6,89,121",-,-0.98%
"Jul 14, 2020","6,97,782","6,94,659","6,99,418","6,88,808",-,0.35%
"Jul 13, 2020","6,95,353","7,00,243","7,02,467","6,91,996",-,-0.61%
"Jul 12, 2020","6,99,631","6,94,349","7,01,977","6,89,491",-,0.77%
"Jul 11, 2020","6,94,303","6,98,260","6,99,190","6,90,635",-,-0.56%
"Jul 10, 2020","6,98,206","6,93,964","7,00,451","6,86,532",-,0.61%
"Jul 09, 2020","6,93,993","7,07,199","7,07,287","6,89,831",-,-1.87%
"Jul 08, 2020","7,07,209","6,92,590","7,09,965","6,90,966",-,2.13%
"Jul 07, 2020","6,92,468","6,96,792","6,99,436","6,88,964",-,-0.70%
"Jul 06, 2020","6,97,377","6,77,439","6,99,056","6,75,978",-,2.86%
"Jul 05, 2020","6,78,004","6,82,029","6,82,333","6,64,797",-,-0.48%
"Jul 04, 2020","6,81,265","6,76,308","6,85,768","6,75,288",-,0.61%
"Jul 03, 2020","6,77,109","6,79,224","6,82,415","6,74,560",-,-0.30%
"Jul 02, 2020","6,79,154","6,96,600","6,98,647","6,69,997",-,-2.51%
"Jul 01, 2020","6,96,658","6,90,290","7,01,332","6,87,356",-,0.91%
"Jun 30, 2020","6,90,369","6,94,135","6,94,850","6,85,628",-,-0.48%
"Jun 29, 2020","6,93,722","6,89,080","6,97,379","6,81,895",-,0.45%
"Jun 28, 2020","6,90,591","6,81,501","6,94,856","6,76,742",-,1.30%
"Jun 27, 2020","6,81,714","6,92,839","6,95,403","6,69,704",-,-1.60%
"Jun 26, 2020","6,92,784","6,98,349","7,02,155","6,85,450",-,-0.86%
"Jun 25, 2020","6,98,768","7,03,858","7,04,896","6,83,865",-,-0.75%
"Jun 24, 2020","7,04,035","7,26,552","7,31,756","6,98,036",-,-3.12%
"Jun 23, 2020","7,26,712","7,34,206","7,36,601","7,24,679",-,-1.00%
"Jun 22, 2020","7,34,086","7,08,813","7,39,227","7,08,050",-,3.57%
"Jun 21, 2020","7,08,814","7,13,681","7,18,040","7,08,304",-,-0.65%
"Jun 20, 2020","7,13,458","7,09,995","7,16,387","7,00,486",-,0.42%
"Jun 19, 2020","7,10,467","7,16,432","7,17,716","7,04,850",-,-0.96%
"Jun 18, 2020","7,17,353","7,22,018","7,22,467","7,09,544",-,-0.60%
"Jun 17, 2020","7,21,680","7,27,073","7,27,603","7,07,154",-,-0.65%
"Jun 16, 2020","7,26,376","7,16,098","7,29,330","7,12,176",-,1.44%
"Jun 15, 2020","7,16,040","7,10,172","7,21,398","6,79,781",-,0.79%
"Jun 14, 2020","7,10,413","7,20,234","7,20,631","7,04,339",-,-1.28%
"Jun 13, 2020","7,19,598","7,19,813","7,21,795","7,12,325",-,-0.04%
"Jun 12, 2020","7,19,856","7,04,715","7,24,447","7,02,721",-,1.97%
"Jun 11, 2020","7,05,967","7,47,949","7,52,274","6,98,076",-,-5.63%
"Jun 10, 2020","7,48,052","7,37,699","7,55,091","7,33,047",-,1.43%
"Jun 09, 2020","7,37,499","7,37,431","7,44,122","7,26,433",-,0.06%
"Jun 08, 2020","7,37,081","7,37,060","7,38,633","7,28,647",-,0.09%
"Jun 07, 2020","7,36,389","7,30,769","7,39,328","7,12,471",-,0.74%
"Jun 06, 2020","7,30,978","7,27,587","7,35,529","7,21,096",-,0.47%
"Jun 05, 2020","7,27,585","7,39,121","7,44,034","7,24,714",-,-1.49%
"Jun 04, 2020","7,38,625","7,28,394","7,44,957","7,16,123",-,1.51%
"Jun 03, 2020","7,27,635","7,15,529","7,28,381","7,09,693",-,1.66%
"Jun 02, 2020","7,15,767","7,72,023","7,72,023","7,01,997",-,-7.12%
"Jun 01, 2020","7,70,671","7,14,411","7,81,756","7,13,053",-,7.74%
"May 31, 2020","7,15,323","7,32,990","7,33,344","7,10,767",-,-2.41%
"May 30, 2020","7,32,975","7,12,678","7,35,964","7,07,098",-,2.87%
"May 29, 2020","7,12,543","7,26,050","7,26,835","7,07,224",-,-1.58%
"May 28, 2020","7,24,008","6,98,844","7,27,481","6,90,506",-,3.69%
"May 27, 2020","6,98,264","6,66,849","7,00,053","6,65,505",-,4.65%
"May 26, 2020","6,67,265","6,75,585","6,81,424","6,56,502",-,-1.10%
"May 25, 2020","6,74,693","6,61,632","6,80,272","6,58,359",-,1.63%
"May 24, 2020","6,63,904","6,97,209","7,06,066","6,63,000",-,-4.74%
"May 23, 2020","6,96,965","6,96,385","7,06,588","6,90,004",-,0.11%
"May 22, 2020","6,96,191","6,85,643","7,03,427","6,78,614",-,1.86%
"May 21, 2020","6,83,481","7,18,493","7,22,779","6,66,943",-,-4.91%
"May 20, 2020","7,18,800","7,40,482","7,44,836","7,07,062",-,-2.86%
"May 19, 2020","7,39,932","7,36,054","7,47,626","7,18,813",-,0.58%
"May 18, 2020","7,35,661","7,34,034","7,54,485","7,24,054",-,0.28%
"May 17, 2020","7,33,635","7,11,131","7,48,509","7,07,614",-,3.11%
"May 16, 2020","7,11,525","7,06,282","7,25,789","6,99,487",-,0.82%
"May 15, 2020","7,05,756","7,39,149","7,42,569","6,94,186",-,-4.49%
"May 14, 2020","7,38,921","7,02,655","7,47,513","6,98,959",-,5.47%
"May 13, 2020","7,00,572","6,61,445","7,07,755","6,60,107",-,5.98%
"May 12, 2020","6,61,052","6,49,635","6,72,994","6,48,653",-,1.23%
"May 11, 2020","6,53,044","6,60,553","6,94,011","6,25,754",-,-1.18%
"May 10, 2020","6,60,824","7,21,109","7,21,352","6,16,735",-,-8.22%
"May 09, 2020","7,20,010","7,40,514","7,48,739","7,19,965",-,-2.85%
"May 08, 2020","7,41,150","7,56,491","7,60,101","7,34,909",-,-2.09%
"May 07, 2020","7,56,991","6,96,041","7,62,207","6,88,374",-,8.77%
"May 06, 2020","6,95,926","6,83,175","7,14,198","6,76,672",-,1.73%
"May 05, 2020","6,84,101","6,71,331","6,87,209","6,64,805",-,1.94%
"May 04, 2020","6,71,065","6,73,599","6,76,861","6,46,277",-,-0.43%
"May 03, 2020","6,73,968","6,79,544","6,95,785","6,61,013",-,-0.74%
"May 02, 2020","6,79,019","6,68,603","6,82,295","6,64,236",-,1.62%
"May 01, 2020","6,68,214","6,47,009","6,85,244","6,47,009",-,3.04%
"Apr 30, 2020","6,48,529","6,62,598","7,09,490","6,32,817",-,-1.95%
"Apr 29, 2020","6,61,435","5,89,563","6,74,870","5,87,103",-,12.23%
"Apr 28, 2020","5,89,352","5,92,935","5,92,935","5,82,863",-,-0.52%
"Apr 27, 2020","5,92,426","5,89,029","5,92,584","5,80,944",-,1.02%
"Apr 26, 2020","5,86,468","5,75,018","5,86,553","5,73,933",-,1.97%
"Apr 25, 2020","5,75,113","5,72,412","5,85,658","5,68,480",-,0.56%
"Apr 24, 2020","5,71,912","5,67,867","5,80,673","5,65,964",-,0.81%
"Apr 23, 2020","5,67,312","5,44,402","5,79,958","5,35,055",-,4.24%
"Apr 22, 2020","5,44,253","5,26,274","5,46,396","5,24,959",-,3.34%
"Apr 21, 2020","5,26,657","5,23,370","5,33,437","5,20,595",-,0.67%
"Apr 20, 2020","5,23,128","5,45,188","5,51,200","5,18,135",-,-4.07%
"Apr 19, 2020","5,45,308","5,54,902","5,55,788","5,40,668",-,-1.69%
"Apr 18, 2020","5,54,677","5,37,823","5,57,334","5,36,953",-,3.04%
"Apr 17, 2020","5,38,329","5,45,911","5,47,629","5,35,030",-,-1.33%
"Apr 16, 2020","5,45,583","5,06,576","5,50,891","4,97,256",-,7.59%
"Apr 15, 2020","5,07,071","5,22,026","5,27,186","5,06,247",-,-2.84%
"Apr 14, 2020","5,21,886","5,21,984","5,30,228","5,15,475",-,0.02%
"Apr 13, 2020","5,21,782","5,23,444","5,24,745","5,01,506",-,-0.37%
"Apr 12, 2020","5,23,745","5,21,863","5,44,168","5,14,555",-,0.29%
"Apr 11, 2020","5,22,235","5,20,557","5,26,287","5,13,351",-,0.27%
"Apr 10, 2020","5,20,818","5,55,816","5,56,447","5,12,329",-,-6.33%
"Apr 09, 2020","5,55,986","5,58,898","5,60,755","5,44,947",-,-0.51%
"Apr 08, 2020","5,58,818","5,44,643","5,62,970","5,41,281",-,2.57%
"Apr 07, 2020","5,44,825","5,57,100","5,65,772","5,36,492",-,-2.19%
"Apr 06, 2020","5,57,027","5,16,302","5,57,027","5,16,100",-,7.90%
"Apr 05, 2020","5,16,266","5,22,771","5,25,260","5,09,652",-,-1.18%
"Apr 04, 2020","5,22,421","5,13,004","5,32,522","5,07,849",-,1.77%
"Apr 03, 2020","5,13,316","5,18,893","5,35,165","5,04,449",-,-1.29%
"Apr 02, 2020","5,20,028","5,07,419","5,46,335","5,01,415",-,2.63%
"Apr 01, 2020","5,06,719","4,83,006","5,09,646","4,66,526",-,4.85%
"Mar 31, 2020","4,83,270","4,82,129","4,91,334","4,78,351",-,0.33%
"Mar 30, 2020","4,81,699","4,43,956","4,94,689","4,42,793",-,8.39%
"Mar 29, 2020","4,44,395","4,71,295","4,72,596","4,43,827",-,-5.65%
"Mar 28, 2020","4,70,984","4,79,989","4,79,989","4,56,753",-,-1.94%
"Mar 27, 2020","4,80,296","5,05,161","5,11,633","4,74,999",-,-4.90%
"Mar 26, 2020","5,05,023","5,10,787","5,17,545","4,90,938",-,-0.99%
"Mar 25, 2020","5,10,085","5,14,262","5,29,969","4,94,164",-,-1.04%
"Mar 24, 2020","5,15,422","4,93,574","5,19,948","4,86,581",-,4.16%
"Mar 23, 2020","4,94,858","4,37,443","5,01,028","4,29,088",-,12.81%
"Mar 22, 2020","4,38,663","4,66,546","4,82,771","4,33,257",-,-5.90%
"Mar 21, 2020","4,66,178","4,68,108","4,84,649","4,44,223",-,-0.79%
"Mar 20, 2020","4,69,876","4,61,143","5,15,942","4,33,524",-,1.85%
"Mar 19, 2020","4,61,326","4,02,282","4,77,868","3,92,450",-,14.81%
"Mar 18, 2020","4,01,816","3,94,289","4,02,413","3,71,986",-,1.74%
"Mar 17, 2020","3,94,933","3,76,382","4,08,105","3,66,017",-,6.46%
"Mar 16, 2020","3,70,979","3,95,836","3,95,969","3,32,021",-,-6.36%
"Mar 15, 2020","3,96,170","3,82,387","4,35,999","3,77,484",-,4.06%
"Mar 14, 2020","3,80,714","4,12,192","4,15,691","3,73,586",-,-7.73%
"Mar 13, 2020","4,12,617","3,62,021","4,34,184","2,82,204",-,15.51%
"Mar 12, 2020","3,57,202","5,85,428","5,86,621","3,36,269",-,-38.83%
"Mar 11, 2020","5,83,995","5,84,777","5,90,290","5,59,825",-,-0.22%
"Mar 10, 2020","5,85,310","5,88,391","6,04,031","5,75,326",-,-0.57%
"Mar 09, 2020","5,88,692","5,94,271","6,03,373","5,67,872",-,-0.89%
"Mar 08, 2020","5,93,995","6,57,598","6,57,598","5,92,823",-,-9.71%
"Mar 07, 2020","6,57,896","6,75,896","6,78,468","6,54,655",-,-2.65%
"Mar 06, 2020","6,75,776","6,65,967","6,76,041","6,60,985",-,1.52%
"Mar 05, 2020","6,65,647","6,43,763","6,72,834","6,43,763",-,3.36%
"Mar 04, 2020","6,43,982","6,40,328","6,50,226","6,35,970",-,0.68%
"Mar 03, 2020","6,39,662","6,49,657","6,51,417","6,33,057",-,-1.47%
"Mar 02, 2020","6,49,176","6,18,793","6,53,322","6,16,575",-,4.77%
"Mar 01, 2020","6,19,609","6,18,425","6,34,361","6,11,727",-,0.12%
"Feb 29, 2020","6,18,838","6,30,458","6,37,616","6,18,838",-,-1.87%
"Feb 28, 2020","6,30,651","6,32,264","6,38,809","6,10,543",-,-0.16%
"Feb 27, 2020","6,31,658","6,29,197","6,43,075","6,10,961",-,0.33%
"Feb 26, 2020","6,29,577","6,69,548","6,73,996","6,20,279",-,-6.00%
"Feb 25, 2020","6,69,793","6,94,533","6,95,317","6,64,797",-,-3.60%
"Feb 24, 2020","6,94,821","7,15,007","7,17,919","6,82,840",-,-2.94%
"Feb 23, 2020","7,15,838","6,93,767","7,16,687","6,93,570",-,3.15%
"Feb 22, 2020","6,93,977","6,95,638","6,97,625","6,87,227",-,-0.28%
"Feb 21, 2020","6,95,930","6,87,978","7,02,128","6,86,078",-,1.18%
"Feb 20, 2020","6,87,825","6,86,577","6,93,704","6,77,781",-,0.11%
"Feb 19, 2020","6,87,086","7,27,963","7,31,706","6,71,859",-,-5.58%
"Feb 18, 2020","7,27,657","6,92,462","7,33,732","6,86,911",-,5.18%
"Feb 17, 2020","6,91,847","7,08,572","7,11,948","6,74,838",-,-2.67%
"Feb 16, 2020","7,10,795","7,08,536","7,18,638","6,90,051",-,0.34%
"Feb 15, 2020","7,08,370","7,39,926","7,41,960","7,01,702",-,-4.26%
"Feb 14, 2020","7,39,857","7,29,700","7,41,890","7,21,602",-,1.29%
"Feb 13, 2020","7,30,423","7,35,624","7,49,141","7,20,990",-,-0.81%
"Feb 12, 2020","7,36,377","7,29,395","7,44,164","7,29,395",-,1.02%
"Feb 11, 2020","7,28,951","7,02,717","7,35,881","6,92,378",-,3.67%
"Feb 10, 2020","7,03,148","7,26,463","7,28,403","6,96,773",-,-3.19%
"Feb 09, 2020","7,26,298","7,07,878","7,26,521","7,06,637",-,2.60%
"Feb 08, 2020","7,07,908","7,02,200","7,10,727","6,91,713",-,0.76%
"Feb 07, 2020","7,02,580","6,96,115","7,06,059","6,94,188",-,0.96%
"Feb 06, 2020","6,95,918","6,84,348","7,01,658","6,78,897",-,1.67%
"Feb 05, 2020","6,84,496","6,53,999","6,92,555","6,52,711",-,4.69%
"Feb 04, 2020","6,53,828","6,63,515","6,66,725","6,48,137",-,-1.49%
"Feb 03, 2020","6,63,726","6,67,446","6,85,277","6,59,159",-,-0.66%
"Feb 02, 2020","6,68,122","6,71,690","6,77,492","6,58,572",-,-0.51%
"Feb 01, 2020","6,71,546","6,69,219","6,76,960","6,65,646",-,0.35%
"Jan 31, 2020","6,69,214","6,80,755","6,82,044","6,59,142",-,-1.69%
"Jan 30, 2020","6,80,749","6,63,247","6,85,236","6,57,080",-,2.70%
"Jan 29, 2020","6,62,856","6,69,448","6,72,666","6,59,622",-,-0.83%
"Jan 28, 2020","6,68,435","6,36,447","6,68,854","6,34,565",-,5.00%
"Jan 27, 2020","6,36,619","6,14,997","6,42,870","6,13,285",-,3.64%
"Jan 26, 2020","6,14,280","5,94,938","6,14,390","5,92,336",-,3.17%
"Jan 25, 2020","5,95,385","6,01,891","6,02,422","5,90,242",-,-1.11%
"Jan 24, 2020","6,02,064","6,00,120","6,07,810","5,87,714",-,0.28%
"Jan 23, 2020","6,00,400","6,17,432","6,17,432","5,93,572",-,-2.71%
"Jan 22, 2020","6,17,103","6,22,448","6,27,181","6,11,401",-,-0.74%
"Jan 21, 2020","6,21,680","6,14,495","6,24,635","6,06,273",-,1.26%
"Jan 20, 2020","6,13,916","6,18,448","6,21,078","6,05,830",-,-0.81%
"Jan 19, 2020","6,18,904","6,33,925","6,53,703","6,07,444",-,-2.37%
"Jan 18, 2020","6,33,951","6,33,536","6,38,624","6,25,990",-,0.04%
"Jan 17, 2020","6,33,669","6,19,165","6,40,745","6,15,865",-,2.24%
"Jan 16, 2020","6,19,816","6,24,128","6,26,524","6,08,812",-,-0.73%
"Jan 15, 2020","6,24,345","6,23,376","6,30,834","6,08,613",-,-0.19%
"Jan 14, 2020","6,25,558","5,73,289","6,28,789","5,73,289",-,9.17%
"Jan 13, 2020","5,73,006","5,80,794","5,81,553","5,70,754",-,-1.31%
"Jan 12, 2020","5,80,589","5,69,099","5,81,248","5,65,368",-,1.95%
"Jan 11, 2020","5,69,494","5,81,547","5,87,946","5,68,149",-,-2.09%
"Jan 10, 2020","5,81,629","5,56,701","5,81,629","5,45,967",-,4.42%
"Jan 09, 2020","5,57,017","5,75,883","5,75,883","5,51,926",-,-3.13%
"Jan 08, 2020","5,74,996","5,85,266","6,07,189","5,63,569",-,-1.90%
"Jan 07, 2020","5,86,148","5,57,511","5,88,223","5,55,846",-,5.15%
"Jan 06, 2020","5,57,455","5,28,055","5,59,339","5,27,390",-,5.55%
"Jan 05, 2020","5,28,123","5,27,685","5,37,558","5,25,474",-,0.02%
"Jan 04, 2020","5,27,999","5,26,535","5,30,886","5,22,773",-,0.56%
"Jan 03, 2020","5,25,034","4,96,934","5,30,981","4,90,840",-,5.68%
"Jan 02, 2020","4,96,803","5,12,859","5,13,675","4,95,432",-,-3.13%
"Jan 01, 2020","5,12,853","5,13,044","5,16,919","5,11,420",-,-0.11%
"Dec 31, 2019","5,13,407","5,16,800","5,21,782","5,09,986",-,-0.64%
"Dec 30, 2019","5,16,731","5,28,050","5,28,604","5,15,089",-,-2.21%
"Dec 29, 2019","5,28,422","5,22,746","5,37,670","5,20,772",-,1.10%
"Dec 28, 2019","5,22,687","5,18,313","5,26,137","5,17,303",-,0.90%
"Dec 27, 2019","5,18,009","5,13,374","5,19,222","5,07,115",-,0.85%
"Dec 26, 2019","5,13,629","5,13,520","5,29,586","5,10,625",-,0.04%
"Dec 25, 2019","5,13,419","5,17,210","5,17,995","5,08,206",-,-0.74%
"Dec 24, 2019","5,17,265","5,21,139","5,28,787","5,10,313",-,-0.86%
"Dec 23, 2019","5,21,774","5,33,996","5,47,850","5,17,798",-,-2.13%
"Dec 22, 2019","5,33,154","5,06,812","5,33,325","5,06,193",-,5.17%
"Dec 21, 2019","5,06,953","5,10,786","5,10,786","5,05,532",-,-0.70%
"Dec 20, 2019","5,10,539","5,09,486","5,12,915","5,04,155",-,0.29%
"Dec 19, 2019","5,09,053","5,17,320","5,21,758","5,01,581",-,-1.31%
"Dec 18, 2019","5,15,796","4,70,564","5,24,905","4,57,332",-,9.67%
"Dec 17, 2019","4,70,299","4,88,854","4,92,405","4,67,514",-,-3.81%
"Dec 16, 2019","4,88,945","5,04,013","5,07,334","4,85,515",-,-2.97%
"Dec 15, 2019","5,03,921","5,00,119","5,09,530","4,96,548",-,0.69%
"Dec 14, 2019","5,00,469","5,13,841","5,14,812","4,96,542",-,-2.58%
"Dec 13, 2019","5,13,738","5,08,174","5,16,258","5,07,688",-,1.17%
"Dec 12, 2019","5,07,812","5,12,399","5,14,520","5,02,206",-,-0.37%
"Dec 11, 2019","5,09,709","5,11,573","5,14,738","5,05,305",-,-0.36%
"Dec 10, 2019","5,11,526","5,20,458","5,24,468","5,08,150",-,-1.88%
"Dec 09, 2019","5,21,323","5,35,342","5,42,191","5,17,903",-,-2.58%
"Dec 08, 2019","5,35,110","5,33,765","5,38,274","5,26,341",-,0.24%
"Dec 07, 2019","5,33,838","5,36,835","5,40,550","5,33,064",-,-0.54%
"Dec 06, 2019","5,36,719","5,25,915","5,38,549","5,22,256",-,1.96%
"Dec 05, 2019","5,26,376","5,13,778","5,31,593","5,12,457",-,2.35%
"Dec 04, 2019","5,14,291","5,23,231","5,52,268","5,08,776",-,-1.64%
"Dec 03, 2019","5,22,843","5,22,585","5,29,392","5,18,325",-,-0.02%
"Dec 02, 2019","5,22,926","5,30,630","5,32,050","5,13,290",-,-1.42%
"Dec 01, 2019","5,30,458","5,41,078","5,41,078","5,19,497",-,-2.01%
"Nov 30, 2019","5,41,312","5,55,480","5,59,079","5,35,632",-,-2.50%
"Nov 29, 2019","5,55,178","5,30,410","5,62,727","5,29,453",-,4.65%
"Nov 28, 2019","5,30,508","5,35,393","5,45,784","5,26,649",-,-1.00%
"Nov 27, 2019","5,35,861","5,11,451","5,44,476","4,89,417",-,4.77%
"Nov 26, 2019","5,11,478","5,09,639","5,24,875","5,03,157",-,0.26%
"Nov 25, 2019","5,10,147","4,95,743","5,27,014","4,67,203",-,2.92%
"Nov 24, 2019","4,95,680","5,24,566","5,26,005","4,93,310",-,-5.44%
"Nov 23, 2019","5,24,209","5,21,831","5,27,053","5,08,633",-,0.38%
"Nov 22, 2019","5,22,234","5,47,284","5,54,228","4,87,659",-,-4.54%
"Nov 21, 2019","5,47,058","5,80,992","5,83,924","5,39,993",-,-5.84%
"Nov 20, 2019","5,80,988","5,84,279","5,90,195","5,77,809",-,-0.53%
"Nov 19, 2019","5,84,087","5,88,724","5,90,770","5,74,978",-,-0.86%
"Nov 18, 2019","5,89,152","6,09,234","6,09,234","5,81,406",-,-3.27%
"Nov 17, 2019","6,09,088","6,08,300","6,16,908","6,00,965",-,0.14%
"Nov 16, 2019","6,08,248","6,07,005","6,11,185","6,04,787",-,0.18%
"Nov 15, 2019","6,07,163","6,22,497","6,29,838","6,03,802",-,-2.49%
"Nov 14, 2019","6,22,643","6,33,286","6,34,793","6,18,282",-,-1.70%
"Nov 13, 2019","6,33,439","6,33,286","6,34,507","6,24,929",-,0.18%
"Nov 12, 2019","6,32,330","6,25,104","6,33,857","6,15,780",-,1.18%
"Nov 11, 2019","6,24,973","6,45,042","6,47,082","6,17,117",-,-3.16%
"Nov 10, 2019","6,45,372","6,28,528","6,51,969","6,24,703",-,2.70%
"Nov 09, 2019","6,28,420","6,26,169","6,33,243","6,22,889",-,0.31%
"Nov 08, 2019","6,26,500","6,54,584","6,59,532","6,20,754",-,-4.29%
"Nov 07, 2019","6,54,580","6,63,278","6,65,491","6,48,036",-,-1.33%
"Nov 06, 2019","6,63,386","6,58,598","6,68,987","6,55,889",-,0.76%
"Nov 05, 2019","6,58,402","6,64,804","6,69,206","6,49,002",-,-0.97%
"Nov 04, 2019","6,64,846","6,50,666","6,73,023","6,44,917",-,2.21%
"Nov 03, 2019","6,50,450","6,57,405","6,62,209","6,42,138",-,-1.04%
"Nov 02, 2019","6,57,298","6,53,125","6,62,389","6,50,455",-,0.68%
"Nov 01, 2019","6,52,842","6,49,658","6,56,000","6,41,649",-,0.51%
"Oct 31, 2019","6,49,510","6,49,549","6,65,491","6,35,405",-,0.03%
"Oct 30, 2019","6,49,308","6,66,767","6,66,962","6,39,599",-,-2.65%
"Oct 29, 2019","6,66,956","6,51,283","6,74,213","6,46,396",-,2.44%
"Oct 28, 2019","6,51,093","6,74,935","7,00,586","6,50,764",-,-3.58%
"Oct 27, 2019","6,75,247","6,53,570","6,92,185","6,42,833",-,3.17%
"Oct 26, 2019","6,54,513","6,12,975","7,30,667","6,12,182",-,6.67%
"Oct 25, 2019","6,13,561","5,26,087","6,17,184","5,25,140",-,16.66%
"Oct 24, 2019","5,25,954","5,28,052","5,32,463","5,21,049",-,-0.41%
"Oct 23, 2019","5,28,094","5,67,949","5,69,748","5,18,099",-,-7.09%
"Oct 22, 2019","5,68,418","5,81,851","5,87,555","5,66,476",-,-2.38%
"Oct 21, 2019","5,82,281","5,84,750","5,89,340","5,77,858",-,-0.30%
"Oct 20, 2019","5,84,023","5,65,099","5,89,134","5,60,557",-,3.49%
"Oct 19, 2019","5,64,306","5,64,695","5,72,981","5,60,205",-,-0.05%
"Oct 18, 2019","5,64,587","5,74,070","5,77,024","5,58,545",-,-1.56%
"Oct 17, 2019","5,73,551","5,70,391","5,76,876","5,66,342",-,0.48%
"Oct 16, 2019","5,70,825","5,83,411","5,86,173","5,66,172",-,-2.19%
"Oct 15, 2019","5,83,592","5,94,659","5,97,926","5,80,312",-,-1.82%
"Oct 14, 2019","5,94,423","5,86,661","5,96,404","5,84,916",-,1.24%
"Oct 13, 2019","5,87,143","5,88,878","5,99,302","5,79,626",-,-0.22%
"Oct 12, 2019","5,88,445","5,85,922","5,95,130","5,85,175",-,0.38%
"Oct 11, 2019","5,86,206","6,07,518","6,21,043","5,84,524",-,-3.54%
"Oct 10, 2019","6,07,734","6,08,915","6,14,787","5,99,539",-,-0.20%
"Oct 09, 2019","6,08,960","5,81,855","6,15,364","5,77,217",-,4.53%
"Oct 08, 2019","5,82,558","5,81,668","5,90,829","5,77,449",-,0.25%
"Oct 07, 2019","5,81,129","5,56,472","5,88,447","5,50,409",-,4.26%
"Oct 06, 2019","5,57,394","5,75,597","5,76,958","5,52,435",-,-3.15%
"Oct 05, 2019","5,75,515","5,76,261","5,79,218","5,68,087",-,-0.12%
"Oct 04, 2019","5,76,210","5,84,253","5,84,530","5,67,895",-,-1.31%
"Oct 03, 2019","5,83,846","5,94,705","5,96,806","5,73,860",-,-1.77%
"Oct 02, 2019","5,94,353","5,89,604","5,95,187","5,79,882",-,0.73%
"Oct 01, 2019","5,90,035","5,85,158","6,02,943","5,77,812",-,0.71%
"Sep 30, 2019","5,85,865","5,67,101","5,87,715","5,47,177",-,3.32%
"Sep 29, 2019","5,67,016","5,78,428","5,79,753","5,57,664",-,-2.00%
"Sep 28, 2019","5,78,613","5,76,617","5,84,106","5,65,592",-,0.37%
"Sep 27, 2019","5,76,452","5,72,183","5,81,802","5,54,418",-,0.81%
"Sep 26, 2019","5,71,799","5,98,300","6,00,382","5,50,997",-,-4.41%
"Sep 25, 2019","5,98,193","6,04,054","6,19,500","5,85,452",-,-1.09%
"Sep 24, 2019","6,04,807","6,86,830","6,93,757","5,56,444",-,-11.84%
"Sep 23, 2019","6,86,038","7,12,661","7,14,098","6,83,122",-,-3.76%
"Sep 22, 2019","7,12,823","7,09,743","7,15,947","7,00,611",-,0.42%
"Sep 21, 2019","7,09,813","7,22,692","7,23,072","7,07,423",-,-1.77%
"Sep 20, 2019","7,22,629","7,32,269","7,33,181","7,16,412",-,-1.17%
"Sep 19, 2019","7,31,170","7,22,583","7,36,516","6,88,164",-,1.19%
"Sep 18, 2019","7,22,595","7,28,060","7,33,194","7,19,719",-,-0.76%
"Sep 17, 2019","7,28,145","7,34,108","7,35,238","7,27,052",-,-0.81%
"Sep 16, 2019","7,34,104","7,31,351","7,38,627","7,22,607",-,0.38%
"Sep 15, 2019","7,31,308","7,33,412","7,35,316","7,28,516",-,-0.28%
"Sep 14, 2019","7,33,345","7,34,207","7,39,659","7,27,836",-,-0.07%
"Sep 13, 2019","7,33,829","7,39,066","7,40,965","7,20,838",-,-0.69%
"Sep 12, 2019","7,38,962","7,27,368","7,41,350","7,16,380",-,1.68%
"Sep 11, 2019","7,26,788","7,26,107","7,39,309","7,10,744",-,0.02%
"Sep 10, 2019","7,26,630","7,39,798","7,44,941","7,16,059",-,-1.78%
"Sep 09, 2019","7,39,784","7,44,500","7,51,063","7,20,639",-,-0.65%
"Sep 08, 2019","7,44,606","7,49,043","7,57,917","7,36,576",-,-0.58%
"Sep 07, 2019","7,48,948","7,38,018","7,55,678","7,37,896",-,1.45%
"Sep 06, 2019","7,38,258","7,60,005","7,81,475","7,32,649",-,-2.90%
"Sep 05, 2019","7,60,310","7,60,484","7,64,489","7,53,290",-,-0.07%
"Sep 04, 2019","7,60,843","7,65,786","7,76,232","7,47,867",-,-0.61%
"Sep 03, 2019","7,65,538","7,45,364","7,77,201","7,41,223",-,2.79%
"Sep 02, 2019","7,44,793","6,94,854","7,51,418","6,94,076",-,7.19%
"Sep 01, 2019","6,94,809","6,85,086","7,00,708","6,80,404",-,1.38%
"Aug 31, 2019","6,85,360","6,84,704","6,91,388","6,75,575",-,0.14%
"Aug 30, 2019","6,84,389","6,80,716","6,91,404","6,71,474",-,0.62%
"Aug 29, 2019","6,80,190","6,98,259","6,98,259","6,71,286",-,-2.72%
"Aug 28, 2019","6,99,180","7,28,663","7,37,306","6,89,757",-,-4.01%
"Aug 27, 2019","7,28,411","7,47,038","7,48,200","7,19,252",-,-2.50%
"Aug 26, 2019","7,47,110","7,24,724","7,56,811","7,24,724",-,3.07%
"Aug 25, 2019","7,24,891","7,24,678","7,38,276","7,11,917",-,0.09%
"Aug 24, 2019","7,24,220","7,42,920","7,44,757","7,09,297",-,-2.51%
"Aug 23, 2019","7,42,862","7,26,072","7,48,034","7,21,710",-,2.16%
"Aug 22, 2019","7,27,167","7,24,564","7,36,075","6,99,104",-,0.36%
"Aug 21, 2019","7,24,531","7,70,282","7,72,794","7,05,652",-,-5.63%
"Aug 20, 2019","7,67,790","7,81,219","7,81,978","7,57,513",-,-1.63%
"Aug 19, 2019","7,80,513","7,33,151","7,80,513","7,30,519",-,6.36%
"Aug 18, 2019","7,33,834","7,26,887","7,46,945","7,17,504",-,0.93%
"Aug 17, 2019","7,27,071","7,35,425","7,44,516","7,12,488",-,-1.18%
"Aug 16, 2019","7,35,721","7,40,110","7,49,336","6,97,601",-,-0.58%
"Aug 15, 2019","7,40,047","7,16,659","7,50,405","7,08,088",-,3.54%
"Aug 14, 2019","7,14,740","7,78,069","7,78,069","7,09,375",-,-8.07%
"Aug 13, 2019","7,77,448","8,12,124","8,15,801","7,71,497",-,-4.22%
"Aug 12, 2019","8,11,693","8,19,859","8,19,859","8,02,816",-,-1.24%
"Aug 11, 2019","8,21,868","8,02,095","8,21,868","7,90,378",-,2.42%
"Aug 10, 2019","8,02,472","8,42,527","8,48,152","7,99,475",-,-4.71%
"Aug 09, 2019","8,42,097","8,48,386","8,48,905","8,27,503",-,-0.67%
"Aug 08, 2019","8,47,795","8,54,460","8,54,460","8,12,834",-,-0.32%
"Aug 07, 2019","8,50,526","8,15,420","8,63,176","8,10,562",-,4.21%
"Aug 06, 2019","8,16,186","8,37,041","8,70,462","7,97,868",-,-2.36%
"Aug 05, 2019","8,35,889","7,61,607","8,44,851","7,61,607",-,9.75%
"Aug 04, 2019","7,61,632","7,53,819","7,68,326","7,35,862",-,1.06%
"Aug 03, 2019","7,53,663","7,33,292","7,59,667","7,32,073",-,2.81%
"Aug 02, 2019","7,33,090","7,16,032","7,42,683","7,12,510",-,2.39%
"Aug 01, 2019","7,15,955","6,95,321","7,22,235","6,83,008",-,3.09%
"Jul 31, 2019","6,94,522","6,59,198","6,94,915","6,57,892",-,5.34%
"Jul 30, 2019","6,59,323","6,53,736","6,68,579","6,46,602",-,0.81%
"Jul 29, 2019","6,54,033","6,57,639","6,68,961","6,47,022",-,-0.39%
"Jul 28, 2019","6,56,578","6,53,361","6,60,370","6,33,223",-,0.48%
"Jul 27, 2019","6,53,445","6,76,707","6,99,763","6,43,669",-,-3.46%
"Jul 26, 2019","6,76,895","6,83,367","6,83,367","6,66,177",-,-0.89%
"Jul 25, 2019","6,83,006","6,73,179","7,01,706","6,71,142",-,1.48%
"Jul 24, 2019","6,73,070","6,80,654","6,84,688","6,59,145",-,-1.31%
"Jul 23, 2019","6,82,014","7,12,765","7,12,765","6,79,882",-,-4.36%
"Jul 22, 2019","7,13,133","7,29,801","7,34,908","6,97,549",-,-2.09%
"Jul 21, 2019","7,28,347","7,39,670","7,44,168","7,09,563",-,-1.30%
"Jul 20, 2019","7,37,937","7,22,891","7,61,061","7,15,570",-,2.00%
"Jul 19, 2019","7,23,479","7,32,533","7,38,307","6,96,632",-,-1.11%
"Jul 18, 2019","7,31,609","6,65,385","7,41,764","6,38,929",-,10.14%
"Jul 17, 2019","6,64,277","6,48,200","6,85,410","6,23,749",-,2.60%
"Jul 16, 2019","6,47,458","7,43,027","7,55,733","6,43,978",-,-13.04%
"Jul 15, 2019","7,44,515","6,97,257","7,58,691","6,78,750",-,6.59%
"Jul 14, 2019","6,98,483","7,79,520","7,85,095","6,92,893",-,-10.47%
"Jul 13, 2019","7,80,199","8,06,273","8,08,561","7,42,818",-,-3.25%
"Jul 12, 2019","8,06,428","7,76,343","8,13,029","7,61,556",-,3.88%
"Jul 11, 2019","7,76,270","8,28,222","8,28,222","7,52,749",-,-6.27%
"Jul 10, 2019","8,28,170","8,60,490","8,98,876","7,92,844",-,-3.92%
"Jul 09, 2019","8,61,934","8,39,488","8,77,153","8,28,798",-,2.49%
"Jul 08, 2019","8,40,969","7,81,476","8,45,839","7,74,682",-,7.48%
"Jul 07, 2019","7,82,409","7,70,747","7,88,501","7,60,575",-,1.55%
"Jul 06, 2019","7,70,492","7,50,130","7,96,981","7,50,130",-,2.94%
"Jul 05, 2019","7,48,471","7,65,347","7,79,707","7,41,303",-,-2.12%
"Jul 04, 2019","7,64,702","8,23,512","8,25,296","7,60,902",-,-6.99%
"Jul 03, 2019","8,22,209","7,49,210","8,25,145","7,49,210",-,9.96%
"Jul 02, 2019","7,47,759","7,35,006","7,52,192","6,71,603",-,1.77%
"Jul 01, 2019","7,34,789","7,47,855","7,76,377","6,92,065",-,-1.27%
"Jun 30, 2019","7,44,275","8,20,167","8,39,799","7,43,060",-,-9.29%
"Jun 29, 2019","8,20,529","8,57,085","8,57,805","7,94,499",-,-4.34%
"Jun 28, 2019","8,57,723","7,85,845","8,60,335","7,60,674",-,9.31%
"Jun 27, 2019","7,84,702","9,11,023","9,37,519","7,27,242",-,-14.14%
"Jun 26, 2019","9,13,938","8,17,836","9,65,864","8,15,191",-,11.71%
"Jun 25, 2019","8,18,114","7,70,575","8,20,204","7,66,746",-,6.32%
"Jun 24, 2019","7,69,462","7,59,012","7,72,107","7,34,800",-,1.29%
"Jun 23, 2019","7,59,673","7,47,811","7,90,950","7,36,887",-,1.48%
"Jun 22, 2019","7,48,576","7,12,256","7,78,844","7,03,001",-,5.22%
"Jun 21, 2019","7,11,421","6,67,065","7,11,421","6,65,153",-,6.59%
"Jun 20, 2019","6,67,428","6,50,556","6,71,449","6,42,775",-,2.59%
"Jun 19, 2019","6,50,556","6,34,489","6,51,115","6,32,305",-,2.52%
"Jun 18, 2019","6,34,572","6,55,870","6,56,301","6,22,545",-,-3.16%
"Jun 17, 2019","6,55,263","6,27,044","6,63,143","6,27,044",-,4.39%
"Jun 16, 2019","6,27,714","6,18,854","6,56,149","6,15,017",-,1.52%
"Jun 15, 2019","6,18,302","6,07,191","6,20,478","6,01,740",-,1.81%
"Jun 14, 2019","6,07,282","5,74,475","6,08,948","5,68,553",-,5.73%
"Jun 13, 2019","5,74,384","5,69,813","5,81,848","5,60,615",-,0.82%
"Jun 12, 2019","5,69,730","5,48,690","5,71,420","5,42,899",-,3.88%
"Jun 11, 2019","5,48,475","5,57,648","5,61,407","5,36,448",-,-1.65%
"Jun 10, 2019","5,57,655","5,28,665","5,59,968","5,21,851",-,5.29%
"Jun 09, 2019","5,29,647","5,49,884","5,52,362","5,20,332",-,-3.71%
"Jun 08, 2019","5,50,075","5,54,520","5,59,616","5,41,391",-,-1.03%
"Jun 07, 2019","5,55,803","5,41,603","5,63,260","5,37,837",-,2.64%
"Jun 06, 2019","5,41,502","5,40,902","5,46,028","5,15,617",-,-0.17%
"Jun 05, 2019","5,42,431","5,35,192","5,49,602","5,27,805",-,1.26%
"Jun 04, 2019","5,35,672","5,59,697","5,59,697","5,21,388",-,-4.75%
"Jun 03, 2019","5,62,378","6,08,129","6,08,137","5,58,033",-,-7.52%
"Jun 02, 2019","6,08,129","5,94,659","6,13,270","5,94,548",-,2.29%
"Jun 01, 2019","5,94,520","5,93,647","6,00,086","5,88,056",-,0.14%
"May 31, 2019","5,93,713","5,78,803","5,94,868","5,66,046",-,2.57%
"May 30, 2019","5,78,814","6,06,116","6,35,488","5,61,308",-,-4.53%
"May 29, 2019","6,06,273","6,10,681","6,13,327","5,92,181",-,-0.77%
"May 28, 2019","6,10,960","6,14,156","6,16,496","5,95,074",-,-0.40%
"May 27, 2019","6,13,431","6,05,933","6,20,928","6,02,536",-,1.30%
"May 26, 2019","6,05,548","5,58,792","6,11,493","5,47,346",-,8.36%
"May 25, 2019","5,58,834","5,54,630","5,64,342","5,51,543",-,0.78%
"May 24, 2019","5,54,519","5,51,178","5,66,060","5,44,052",-,0.73%
"May 23, 2019","5,50,478","5,32,521","5,55,116","5,22,547",-,3.13%
"May 22, 2019","5,33,760","5,55,002","5,59,087","5,22,971",-,-4.04%
"May 21, 2019","5,56,244","5,60,349","5,63,321","5,45,302",-,-0.65%
"May 20, 2019","5,59,883","5,75,206","5,75,249","5,30,204",-,-2.73%
"May 19, 2019","5,75,621","5,10,730","5,81,251","5,10,167",-,12.67%
"May 18, 2019","5,10,871","5,21,655","5,27,645","5,07,775",-,-2.26%
"May 17, 2019","5,22,675","5,52,127","5,55,615","4,94,276",-,-5.36%
"May 16, 2019","5,52,264","5,71,370","5,84,409","5,40,543",-,-3.38%
"May 15, 2019","5,71,567","5,59,721","5,76,076","5,51,376",-,2.19%
"May 14, 2019","5,59,334","5,48,544","5,76,824","5,38,347",-,1.92%
"May 13, 2019","5,48,805","4,88,028","5,69,192","4,81,482",-,12.39%
"May 12, 2019","4,88,293","4,99,091","5,20,854","4,79,744",-,-2.71%
"May 11, 2019","5,01,895","4,50,278","5,08,413","4,50,278",-,11.46%
"May 10, 2019","4,50,278","4,40,798","4,56,341","4,34,914",-,2.14%
"May 09, 2019","4,40,861","4,35,068","4,42,579","4,32,439",-,1.52%
"May 08, 2019","4,34,241","4,26,524","4,34,704","4,19,396",-,1.58%
"May 07, 2019","4,27,503","4,18,471","4,37,720","4,18,471",-,2.14%
"May 06, 2019","4,18,548","4,17,960","4,22,853","4,09,432",-,0.00%
"May 05, 2019","4,18,530","4,21,865","4,22,328","4,12,035",-,-0.80%
"May 04, 2019","4,21,906","4,16,178","4,26,209","4,06,497",-,1.38%
"May 03, 2019","4,16,158","3,98,731","4,26,214","3,96,959",-,4.37%
"May 02, 2019","3,98,731","3,92,058","4,01,784","3,90,996",-,1.70%
"May 01, 2019","3,92,058","3,89,538","3,93,830","3,88,314",-,0.67%
"Apr 30, 2019","3,89,434","3,82,627","3,91,528","3,80,927",-,1.78%
"Apr 29, 2019","3,82,641","3,83,075","3,85,795","3,75,272",-,-0.24%
"Apr 28, 2019","3,83,550","3,77,330","3,87,130","3,77,323",-,1.59%
"Apr 27, 2019","3,77,561","3,77,959","3,81,172","3,73,886",-,-0.11%
"Apr 26, 2019","3,77,959","3,65,607","3,85,581","3,63,107",-,3.17%
"Apr 25, 2019","3,66,361","3,83,903","3,89,838","3,56,371",-,-4.58%
"Apr 24, 2019","3,83,931","3,86,930","3,95,207","3,77,915",-,-1.01%
"Apr 23, 2019","3,87,851","3,79,642","3,93,672","3,75,540",-,2.16%
"Apr 22, 2019","3,79,642","3,69,066","3,80,777","3,67,033",-,2.83%
"Apr 21, 2019","3,69,184","3,70,546","3,72,357","3,64,648",-,-0.37%
"Apr 20, 2019","3,70,546","3,68,742","3,74,730","3,66,757",-,0.41%
"Apr 19, 2019","3,69,026","3,68,574","3,72,194","3,62,629",-,0.14%
"Apr 18, 2019","3,68,518","3,64,710","3,72,479","3,64,589",-,1.04%
"Apr 17, 2019","3,64,710","3,65,904","3,68,068","3,62,014",-,-0.37%
"Apr 16, 2019","3,66,058","3,51,216","3,66,945","3,49,410",-,3.78%
"Apr 15, 2019","3,52,734","3,59,236","3,62,708","3,46,262",-,-1.83%
"Apr 14, 2019","3,59,298","3,52,966","3,60,495","3,49,656",-,1.70%
"Apr 13, 2019","3,53,308","3,53,695","3,56,676","3,51,019",-,-0.16%
"Apr 12, 2019","3,53,882","3,51,559","3,54,946","3,42,000",-,0.54%
"Apr 11, 2019","3,51,983","3,67,658","3,69,230","3,45,209",-,-4.26%
"Apr 10, 2019","3,67,647","3,60,986","3,78,836","3,60,250",-,1.77%
"Apr 09, 2019","3,61,249","3,69,540","3,69,540","3,59,397",-,-2.39%
"Apr 08, 2019","3,70,111","3,62,378","3,72,932","3,58,533",-,2.01%
"Apr 07, 2019","3,62,835","3,52,465","3,66,629","3,51,385",-,3.16%
"Apr 06, 2019","3,51,704","3,51,905","3,65,294","3,43,964",-,-0.08%
"Apr 05, 2019","3,51,988","3,41,208","3,54,314","3,40,464",-,3.40%
"Apr 04, 2019","3,40,408","3,42,834","3,51,396","3,33,446",-,-0.71%
"Apr 03, 2019","3,42,858","3,39,353","3,66,138","3,32,019",-,0.88%
"Apr 02, 2019","3,39,883","2,90,444","3,51,498","2,89,947",-,16.97%
"Apr 01, 2019","2,90,583","2,89,395","2,92,176","2,86,631",-,0.41%
"Mar 31, 2019","2,89,395","2,89,034","2,90,158","2,88,222",-,0.13%
"Mar 30, 2019","2,89,027","2,90,005","2,92,149","2,86,313",-,-0.34%
"Mar 29, 2019","2,90,005","2,84,494","2,90,047","2,82,524",-,1.94%
"Mar 28, 2019","2,84,494","2,84,635","2,84,635","2,80,648",-,-0.05%
"Mar 27, 2019","2,84,635","2,77,260","2,85,128","2,74,573",-,2.69%
"Mar 26, 2019","2,77,170","2,73,814","2,77,392","2,72,227",-,1.28%
"Mar 25, 2019","2,73,662","2,79,549","2,80,241","2,71,583",-,-2.11%
"Mar 24, 2019","2,79,549","2,81,109","2,81,109","2,77,650",-,-0.55%
"Mar 23, 2019","2,81,109","2,79,864","2,82,015","2,79,227",-,0.35%
"Mar 22, 2019","2,80,116","2,78,903","2,81,318","2,77,073",-,0.44%
"Mar 21, 2019","2,78,903","2,84,092","2,84,700","2,75,425",-,-1.83%
"Mar 20, 2019","2,84,092","2,84,551","2,84,574","2,80,638",-,-0.24%
"Mar 19, 2019","2,84,773","2,79,560","2,84,884","2,77,703",-,1.86%
"Mar 18, 2019","2,79,560","2,80,607","2,84,350","2,76,716",-,-0.37%
"Mar 17, 2019","2,80,607","2,83,190","2,83,203","2,79,948",-,-0.95%
"Mar 16, 2019","2,83,307","2,77,308","2,87,665","2,77,308",-,2.16%
"Mar 15, 2019","2,77,308","2,73,835","2,77,454","2,72,875",-,1.24%
"Mar 14, 2019","2,73,911","2,75,197","2,77,727","2,69,906",-,-0.51%
"Mar 13, 2019","2,75,315","2,76,273","2,76,835","2,72,785",-,-0.32%
"Mar 12, 2019","2,76,210","2,75,658","2,77,160","2,71,249",-,0.14%
"Mar 11, 2019","2,75,833","2,79,865","2,80,741","2,74,038",-,-1.47%
"Mar 10, 2019","2,79,942","2,81,284","2,81,284","2,77,608",-,-0.43%
"Mar 09, 2019","2,81,151","2,75,913","2,83,223","2,75,451",-,1.90%
"Mar 08, 2019","2,75,913","2,79,484","2,81,559","2,71,394",-,-1.28%
"Mar 07, 2019","2,79,498","2,78,083","2,79,945","2,75,538",-,0.51%
"Mar 06, 2019","2,78,083","2,79,589","2,79,985","2,75,184",-,-0.50%
"Mar 05, 2019","2,79,476","2,69,469","2,80,020","2,68,378",-,3.72%
"Mar 04, 2019","2,69,462","2,75,824","2,77,417","2,66,946",-,-2.30%
"Mar 03, 2019","2,75,803","2,77,817","2,78,555","2,74,064",-,-0.72%
"Mar 02, 2019","2,77,817","2,77,959","2,78,573","2,73,784",-,-0.10%
"Mar 01, 2019","2,78,094","2,75,747","2,80,245","2,75,729",-,0.80%
"Feb 28, 2019","2,75,899","2,77,822","2,82,844","2,75,615",-,-0.66%
"Feb 27, 2019","2,77,741","2,76,419","2,80,446","2,68,614",-,0.42%
"Feb 26, 2019","2,76,568","2,78,694","2,80,393","2,75,378",-,-0.86%
"Feb 25, 2019","2,78,972","2,72,190","2,80,786","2,72,106",-,2.45%
"Feb 24, 2019","2,72,290","2,99,217","3,04,197","2,70,839",-,-9.00%
"Feb 23, 2019","2,99,217","2,88,278","3,02,250","2,85,202",-,3.63%
"Feb 22, 2019","2,88,747","2,85,467","2,89,658","2,84,050",-,1.14%
"Feb 21, 2019","2,85,488","2,89,191","2,93,179","2,82,832",-,-1.43%
"Feb 20, 2019","2,89,622","2,85,520","2,89,622","2,82,980",-,1.33%
"Feb 19, 2019","2,85,828","2,85,241","2,91,408","2,81,811",-,0.17%
"Feb 18, 2019","2,85,334","2,66,403","2,86,159","2,65,658",-,7.08%
"Feb 17, 2019","2,66,464","2,62,260","2,69,885","2,61,732",-,1.60%
"Feb 16, 2019","2,62,260","2,61,803","2,65,591","2,61,375",-,0.34%
"Feb 15, 2019","2,61,382","2,59,543","2,65,189","2,59,422",-,0.63%
"Feb 14, 2019","2,59,749","2,59,832","2,61,973","2,58,705",-,-0.11%
"Feb 13, 2019","2,60,037","2,61,698","2,63,585","2,58,555",-,-0.60%
"Feb 12, 2019","2,61,620","2,62,252","2,62,692","2,58,758",-,-0.23%
"Feb 11, 2019","2,62,220","2,66,683","2,66,818","2,61,635",-,-1.66%
"Feb 10, 2019","2,66,637","2,64,598","2,66,697","2,60,997",-,0.77%
"Feb 09, 2019","2,64,598","2,65,003","2,66,028","2,62,854",-,-0.15%
"Feb 08, 2019","2,65,003","2,46,159","2,70,165","2,44,697",-,7.73%
"Feb 07, 2019","2,45,987","2,46,989","2,48,139","2,44,782",-,-0.41%
"Feb 06, 2019","2,46,989","2,52,160","2,52,734","2,45,091",-,-2.03%
"Feb 05, 2019","2,52,095","2,50,248","2,52,259","2,49,347",-,0.74%
"Feb 04, 2019","2,50,248","2,50,241","2,52,221","2,49,479",-,0.00%
"Feb 03, 2019","2,50,241","2,54,755","2,54,933","2,48,100",-,-1.63%
"Feb 02, 2019","2,54,383","2,52,653","2,55,312","2,50,223",-,0.60%
"Feb 01, 2019","2,52,861","2,49,602","2,53,955","2,46,346",-,1.38%
"Jan 31, 2019","2,49,431","2,51,064","2,54,118","2,47,153",-,-0.65%
"Jan 30, 2019","2,51,064","2,49,143","2,52,706","2,46,596",-,0.77%
"Jan 29, 2019","2,49,143","2,48,925","2,49,751","2,43,499",-,0.08%
"Jan 28, 2019","2,48,932","2,55,173","2,55,850","2,45,909",-,-2.51%
"Jan 27, 2019","2,55,344","2,57,743","2,58,552","2,51,546",-,-0.98%
"Jan 26, 2019","2,57,878","2,57,601","2,64,920","2,57,324",-,0.11%
"Jan 25, 2019","2,57,601","2,59,363","2,60,226","2,55,293",-,-0.66%
"Jan 24, 2019","2,59,303","2,57,693","2,60,626","2,55,725",-,0.66%
"Jan 23, 2019","2,57,615","2,59,247","2,61,858","2,55,603",-,-0.63%
"Jan 22, 2019","2,59,247","2,55,959","2,61,914","2,50,109",-,1.24%
"Jan 21, 2019","2,56,074","2,55,648","2,56,899","2,52,959",-,0.24%
"Jan 20, 2019","2,55,470","2,68,122","2,70,488","2,52,799",-,-4.77%
"Jan 19, 2019","2,68,264","2,61,916","2,74,271","2,61,787",-,2.42%
"Jan 18, 2019","2,61,916","2,64,333","2,64,543","2,60,118",-,-0.90%
"Jan 17, 2019","2,64,302","2,62,571","2,64,717","2,57,502",-,0.86%
"Jan 16, 2019","2,62,050","2,59,741","2,65,784","2,59,012",-,0.80%
"Jan 15, 2019","2,59,969","2,66,553","2,67,378","2,58,146",-,-2.47%
"Jan 14, 2019","2,66,539","2,52,780","2,68,665","2,51,964",-,5.44%
"Jan 13, 2019","2,52,791","2,60,590","2,61,751","2,51,412",-,-2.99%
"Jan 12, 2019","2,60,586","2,61,540","2,62,814","2,58,345",-,-0.34%
"Jan 11, 2019","2,61,470","2,62,610","2,65,772","2,58,077",-,-0.43%
"Jan 10, 2019","2,62,610","2,88,116","2,91,902","2,59,723",-,-8.86%
"Jan 09, 2019","2,88,123","2,88,460","2,93,368","2,83,909",-,-0.09%
"Jan 08, 2019","2,88,389","2,87,257","2,95,276","2,83,386",-,0.39%
"Jan 07, 2019","2,87,257","2,89,992","2,91,914","2,84,976",-,-0.97%
"Jan 06, 2019","2,90,069","2,71,930","2,79,46,636","2,70,331",-,6.65%
"Jan 05, 2019","2,71,971","2,74,961","2,79,105","2,71,464",-,-1.14%
"Jan 04, 2019","2,75,117","2,75,938","2,77,502","2,69,629",-,-0.23%
"Jan 03, 2019","2,75,759","2,83,393","2,83,819","2,73,673",-,-2.72%
"Jan 02, 2019","2,83,463","2,75,591","2,85,098","2,73,006",-,3.12%
"Jan 01, 2019","2,74,896","2,67,299","2,76,487","2,63,166",-,2.91%
"Dec 31, 2018","2,67,136","2,78,185","2,78,545","2,62,938",-,-3.85%
"Dec 30, 2018","2,77,831","2,71,795","2,78,955","2,68,907",-,2.33%
"Dec 29, 2018","2,71,494","2,82,269","2,85,850","2,70,473",-,-3.82%
"Dec 28, 2018","2,82,269","2,59,944","2,85,156","2,58,756",-,8.59%
"Dec 27, 2018","2,59,951","2,75,706","2,77,621","2,58,712",-,-5.71%
"Dec 26, 2018","2,75,699","2,74,672","2,79,970","2,67,251",-,0.48%
"Dec 25, 2018","2,74,370","2,90,908","2,91,685","2,67,918",-,-5.78%
"Dec 24, 2018","2,91,210","2,85,609","3,08,035","2,85,609",-,1.97%
"Dec 23, 2018","2,85,577","2,90,880","2,96,148","2,83,201",-,-1.60%
"Dec 22, 2018","2,90,225","2,79,712","2,91,681","2,75,734",-,3.87%
"Dec 21, 2018","2,79,399","2,96,184","3,00,117","2,74,038",-,-5.73%
"Dec 20, 2018","2,96,388","2,68,972","3,00,614","2,67,374",-,10.04%
"Dec 19, 2018","2,69,353","2,67,029","2,83,803","2,65,501",-,0.98%
"Dec 18, 2018","2,66,750","2,59,639","2,67,811","2,51,112",-,2.77%
"Dec 17, 2018","2,59,557","2,37,361","2,65,306","2,36,262",-,9.36%
"Dec 16, 2018","2,37,332","2,36,449","2,43,099","2,35,880",-,0.32%
"Dec 15, 2018","2,36,585","2,36,218","2,38,917","2,31,598",-,0.18%
"Dec 14, 2018","2,36,168","2,40,019","2,42,740","2,32,224",-,-1.52%
"Dec 13, 2018","2,39,804","2,55,133","2,55,688","2,38,208",-,-6.05%
"Dec 12, 2018","2,55,237","2,48,921","2,58,808","2,46,516",-,2.20%
"Dec 11, 2018","2,49,735","2,56,438","2,56,438","2,45,503",-,-2.63%
"Dec 10, 2018","2,56,486","2,59,951","2,64,066","2,52,219",-,-1.43%
"Dec 09, 2018","2,60,208","2,50,223","2,69,590","2,47,607",-,3.98%
"Dec 08, 2018","2,50,244","2,46,954","2,61,004","2,36,737",-,1.37%
"Dec 07, 2018","2,46,861","2,49,885","2,56,752","2,34,051",-,-1.47%
"Dec 06, 2018","2,50,547","2,67,257","2,77,888","2,48,831",-,-6.16%
"Dec 05, 2018","2,66,984","2,81,681","2,82,362","2,65,150",-,-5.09%
"Dec 04, 2018","2,81,296","2,74,821","2,91,447","2,68,295",-,2.24%
"Dec 03, 2018","2,75,128","2,91,147","2,91,519","2,70,404",-,-5.20%
"Dec 02, 2018","2,90,219","2,96,030","3,03,719","2,87,955",-,-1.96%
"Dec 01, 2018","2,96,030","2,81,748","3,02,714","2,77,639",-,5.07%
"Nov 30, 2018","2,81,748","3,02,333","3,03,686","2,76,725",-,-6.57%
"Nov 29, 2018","3,01,546","3,04,057","3,12,063","2,92,109",-,-0.83%
"Nov 28, 2018","3,04,057","2,75,388","3,11,928","2,75,388",-,10.41%
"Nov 27, 2018","2,75,388","2,73,139","2,79,521","2,62,697",-,0.82%
"Nov 26, 2018","2,73,139","2,89,011","2,96,517","2,63,239",-,-5.85%
"Nov 25, 2018","2,90,110","2,77,363","2,96,839","2,58,434",-,4.60%
"Nov 24, 2018","2,77,363","3,12,091","3,18,612","2,70,585",-,-11.13%
"Nov 23, 2018","3,12,091","3,09,447","3,17,136","2,99,968",-,0.30%
"Nov 22, 2018","3,11,158","3,32,673","3,35,432","3,11,158",-,-6.58%
"Nov 21, 2018","3,33,080","3,28,559","3,40,197","3,16,409",-,1.63%
"Nov 20, 2018","3,27,748","3,54,051","3,61,030","3,08,374",-,-7.43%
"Nov 19, 2018","3,54,051","4,06,264","4,06,264","3,49,633",-,-12.85%
"Nov 18, 2018","4,06,264","4,03,909","4,09,917","4,03,500",-,0.58%
"Nov 17, 2018","4,03,909","4,06,335","4,06,335","4,00,097",-,-0.60%
"Nov 16, 2018","4,06,335","4,13,546","4,13,981","3,98,762",-,-1.74%
"Nov 15, 2018","4,13,546","4,28,926","4,28,926","3,91,492",-,-2.97%
"Nov 14, 2018","4,26,203","4,68,694","4,69,387","4,11,341",-,-9.14%
"Nov 13, 2018","4,69,093","4,71,981","4,71,981","4,66,150",-,-0.61%
"Nov 12, 2018","4,71,981","4,67,460","4,72,245","4,67,460",-,0.81%
"Nov 11, 2018","4,68,210","4,67,312","4,68,707","4,62,436",-,0.19%
"Nov 10, 2018","4,67,312","4,66,520","4,69,543","4,66,106",-,0.17%
"Nov 09, 2018","4,66,520","4,72,424","4,72,989","4,63,801",-,-1.25%
"Nov 08, 2018","4,72,424","4,75,761","4,76,821","4,69,029",-,-0.70%
"Nov 07, 2018","4,75,761","4,77,340","4,83,087","4,73,544",-,-0.33%
"Nov 06, 2018","4,77,340","4,71,447","4,77,340","4,69,557",-,1.25%
"Nov 05, 2018","4,71,447","4,72,865","4,74,097","4,69,224",-,-0.30%
"Nov 04, 2018","4,72,865","4,66,888","4,75,776","4,64,863",-,1.28%
"Nov 03, 2018","4,66,888","4,69,746","4,70,133","4,62,810",-,-0.61%
"Nov 02, 2018","4,69,746","4,69,230","4,72,126","4,63,474",-,0.11%
"Nov 01, 2018","4,69,230","4,71,799","4,72,273","4,64,563",-,-0.54%
"Oct 31, 2018","4,71,799","4,66,271","4,73,224","4,62,470",-,1.19%
"Oct 30, 2018","4,66,271","4,66,919","4,69,716","4,65,026",-,-0.14%
"Oct 29, 2018","4,66,919","4,74,657","4,78,592","4,65,205",-,-1.63%
"Oct 28, 2018","4,74,657","4,75,323","4,76,047","4,72,113",-,-0.14%
"Oct 27, 2018","4,75,323","4,77,619","4,79,250","4,73,970",-,-0.48%
"Oct 26, 2018","4,77,612","4,78,050","4,83,038","4,76,874",-,-0.09%
"Oct 25, 2018","4,78,050","4,79,956","4,82,213","4,75,427",-,-0.40%
"Oct 24, 2018","4,79,956","4,79,669","4,85,345","4,79,158",-,0.06%
"Oct 23, 2018","4,79,669","4,85,119","4,85,575","4,79,243",-,-1.12%
"Oct 22, 2018","4,85,119","4,84,270","4,86,609","4,81,133",-,0.22%
"Oct 21, 2018","4,84,057","4,83,962","4,88,980","4,83,734",-,0.04%
"Oct 20, 2018","4,83,873","4,79,615","4,85,556","4,78,422",-,0.89%
"Oct 19, 2018","4,79,582","4,90,538","4,90,538","4,79,053",-,-2.23%
"Oct 18, 2018","4,90,538","4,98,116","4,98,424","4,82,926",-,-1.51%
"Oct 17, 2018","4,98,049","4,96,197","4,99,189","4,91,675",-,0.32%
"Oct 16, 2018","4,96,476","4,99,545","5,09,525","4,89,407",-,-0.61%
"Oct 15, 2018","4,99,545","4,66,812","5,56,182","4,64,212",-,7.04%
"Oct 14, 2018","4,66,672","4,66,165","4,71,514","4,65,582",-,0.11%
"Oct 13, 2018","4,66,165","4,63,718","4,66,533","4,63,372",-,0.47%
"Oct 12, 2018","4,64,006","4,63,957","4,68,519","4,60,820",-,-0.04%
"Oct 11, 2018","4,64,209","4,95,444","4,96,866","4,60,574",-,-6.30%
"Oct 10, 2018","4,95,444","4,96,797","4,96,797","4,84,010",-,-0.27%
"Oct 09, 2018","4,96,797","4,93,120","4,97,170","4,89,743",-,0.75%
"Oct 08, 2018","4,93,120","4,86,955","4,97,348","4,86,816",-,1.27%
"Oct 07, 2018","4,86,955","4,88,489","4,89,460","4,84,295",-,-0.31%
"Oct 06, 2018","4,88,489","4,92,409","4,92,661","4,86,414",-,-0.80%
"Oct 05, 2018","4,92,409","4,88,470","4,93,898","4,82,427",-,0.81%
"Oct 04, 2018","4,88,470","4,80,636","4,89,787","4,76,695",-,1.69%
"Oct 03, 2018","4,80,351","4,78,677","4,82,335","4,70,649",-,0.21%
"Oct 02, 2018","4,79,352","4,87,067","4,87,450","4,77,643",-,-1.55%
"Oct 01, 2018","4,86,912","4,79,973","4,87,513","4,75,517",-,1.45%
"Sep 30, 2018","4,79,973","4,78,936","4,82,692","4,73,654",-,0.22%
"Sep 29, 2018","4,78,936","4,81,141","4,81,141","4,68,886",-,-0.46%
"Sep 28, 2018","4,81,141","4,88,715","4,95,465","4,74,636",-,-1.45%
"Sep 27, 2018","4,88,226","4,70,362","4,90,756","4,68,103",-,3.80%
"Sep 26, 2018","4,70,362","4,71,145","4,75,720","4,63,742",-,-0.03%
"Sep 25, 2018","4,70,509","4,82,750","4,82,750","4,61,601",-,-2.54%
"Sep 24, 2018","4,82,750","4,84,734","4,87,756","4,76,494",-,-0.42%
"Sep 23, 2018","4,84,806","4,85,505","4,89,845","4,81,382",-,-0.16%
"Sep 22, 2018","4,85,584","4,88,372","4,93,987","4,79,771",-,-0.71%
"Sep 21, 2018","4,89,065","4,66,245","4,90,370","4,65,965",-,4.89%
"Sep 20, 2018","4,66,245","4,62,605","4,70,025","4,55,974",-,0.82%
"Sep 19, 2018","4,62,475","4,63,845","4,65,671","4,40,201",-,-0.30%
"Sep 18, 2018","4,63,845","4,53,750","4,65,110","4,51,955",-,2.22%
"Sep 17, 2018","4,53,750","4,68,571","4,73,496","4,50,708",-,-3.16%
"Sep 16, 2018","4,68,571","4,69,761","4,69,948","4,60,048",-,-0.33%
"Sep 15, 2018","4,70,128","4,67,251","4,73,654","4,66,783",-,0.51%
"Sep 14, 2018","4,67,763","4,66,482","4,72,015","4,57,182",-,0.27%
"Sep 13, 2018","4,66,482","4,55,828","4,69,264","4,55,633",-,2.34%
"Sep 12, 2018","4,55,828","4,59,351","4,59,351","4,49,554",-,-0.73%
"Sep 11, 2018","4,59,198","4,57,050","4,63,913","4,48,973",-,0.47%
"Sep 10, 2018","4,57,050","4,50,278","4,60,624","4,49,046",-,1.59%
"Sep 09, 2018","4,49,910","4,45,970","4,62,723","4,43,882",-,0.88%
"Sep 08, 2018","4,45,970","4,61,764","4,66,884","4,42,728",-,-3.42%
"Sep 07, 2018","4,61,764","4,68,823","4,69,708","4,53,735",-,-1.47%
"Sep 06, 2018","4,68,672","4,82,014","4,82,222","4,53,929",-,-2.77%
"Sep 05, 2018","4,82,014","5,28,078","5,31,867","4,81,734",-,-8.72%
"Sep 04, 2018","5,28,078","5,16,885","5,29,133","5,15,824",-,2.11%
"Sep 03, 2018","5,17,184","5,17,651","5,22,465","5,09,951",-,-0.09%
"Sep 02, 2018","5,17,651","5,10,082","5,20,681","5,05,816",-,1.48%
"Sep 01, 2018","5,10,082","4,97,978","5,14,540","4,97,538",-,2.43%
"Aug 31, 2018","4,97,978","4,98,909","5,01,508","4,89,238",-,-0.30%
"Aug 30, 2018","4,99,487","4,99,195","4,99,487","4,83,292",-,-0.06%
"Aug 29, 2018","4,99,808","4,99,625","5,02,311","4,88,631",-,0.06%
"Aug 28, 2018","4,99,526","4,83,428","5,02,137","4,81,112",-,3.44%
"Aug 27, 2018","4,82,903","4,67,419","4,83,463","4,64,996",-,3.17%
"Aug 26, 2018","4,68,082","4,69,792","4,73,144","4,59,193",-,-0.46%
"Aug 25, 2018","4,70,224","4,67,210","4,73,908","4,65,403",-,0.67%
"Aug 24, 2018","4,67,088","4,59,112","4,69,240","4,52,005",-,1.82%
"Aug 23, 2018","4,58,761","4,43,990","4,61,471","4,43,233",-,3.43%
"Aug 22, 2018","4,43,537","4,52,457","4,79,457","4,36,895",-,-1.95%
"Aug 21, 2018","4,52,335","4,36,181","4,53,756","4,36,181",-,3.66%
"Aug 20, 2018","4,36,384","4,52,505","4,55,832","4,34,646",-,-3.59%
"Aug 19, 2018","4,52,631","4,46,070","4,56,428","4,40,361",-,1.48%
"Aug 18, 2018","4,46,043","4,59,485","4,61,370","4,40,040",-,-3.01%
"Aug 17, 2018","4,59,865","4,41,490","4,59,865","4,40,601",-,4.06%
"Aug 16, 2018","4,41,910","4,42,645","4,54,996","4,36,425",-,-0.27%
"Aug 15, 2018","4,43,112","4,32,951","4,65,870","4,32,492",-,2.39%
"Aug 14, 2018","4,32,769","4,36,821","4,36,821","4,11,796",-,-1.05%
"Aug 13, 2018","4,37,381","4,35,993","4,53,979","4,32,158",-,0.26%
"Aug 12, 2018","4,36,262","4,30,410","4,45,659","4,26,630",-,1.45%
"Aug 11, 2018","4,30,016","4,24,689","4,46,198","4,15,264",-,1.30%
"Aug 10, 2018","4,24,506","4,52,318","4,52,536","4,15,810",-,-5.92%
"Aug 09, 2018","4,51,216","4,29,827","4,57,608","4,25,248",-,4.98%
"Aug 08, 2018","4,29,820","4,60,617","4,60,754","4,20,039",-,-6.74%
"Aug 07, 2018","4,60,888","4,77,890","4,91,046","4,58,621",-,-3.47%
"Aug 06, 2018","4,77,463","4,81,239","4,89,443","4,71,490",-,-0.91%
"Aug 05, 2018","4,81,835","4,80,513","4,85,748","4,72,120",-,0.38%
"Aug 04, 2018","4,80,013","5,08,385","5,13,071","4,74,806",-,-5.53%
"Aug 03, 2018","5,08,125","5,16,548","5,16,548","5,00,281",-,-1.74%
"Aug 02, 2018","5,17,110","5,19,664","5,26,630","5,11,516",-,-0.53%
"Aug 01, 2018","5,19,876","5,30,479","5,30,990","5,08,792",-,-2.02%
"Jul 31, 2018","5,30,589","5,61,668","5,61,668","5,25,334",-,-5.48%
"Jul 30, 2018","5,61,324","5,64,231","5,68,120","5,39,780",-,-0.52%
"Jul 29, 2018","5,64,231","5,65,913","5,68,850","5,57,444",-,0.18%
"Jul 28, 2018","5,63,202","5,61,778","5,65,285","5,54,418",-,0.40%
"Jul 27, 2018","5,60,937","5,45,550","5,69,340","5,38,059",-,2.76%
"Jul 26, 2018","5,45,849","5,63,718","5,71,564","5,41,195",-,-3.08%
"Jul 25, 2018","5,63,202","5,76,174","5,85,069","5,54,615",-,-2.72%
"Jul 24, 2018","5,78,937","5,34,222","5,83,039","5,30,114",-,8.44%
"Jul 23, 2018","5,33,855","5,08,436","5,36,748","5,06,896",-,4.92%
"Jul 22, 2018","5,08,800","5,08,943","5,19,964","5,05,047",-,-0.03%
"Jul 21, 2018","5,08,943","5,04,117","5,11,906","4,96,411",-,0.97%
"Jul 20, 2018","5,04,063","5,15,265","5,28,071","5,00,460",-,-2.17%
"Jul 19, 2018","5,15,265","5,06,343","5,20,965","4,99,418",-,1.93%
"Jul 18, 2018","5,05,506","5,00,484","5,19,106","4,96,447",-,1.01%
"Jul 17, 2018","5,00,436","4,61,413","5,10,205","4,55,287",-,8.06%
"Jul 16, 2018","4,63,090","4,34,759","4,63,895","4,33,834",-,6.52%
"Jul 15, 2018","4,34,725","4,28,097","4,37,574","4,26,953",-,1.55%
"Jul 14, 2018","4,28,097","4,26,015","4,31,700","4,23,289",-,0.48%
"Jul 13, 2018","4,26,042","4,27,482","4,33,407","4,20,864",-,-0.28%
"Jul 12, 2018","4,27,221","4,38,054","4,39,500","4,16,930",-,-2.54%
"Jul 11, 2018","4,38,343","4,34,388","4,40,568","4,32,476",-,0.95%
"Jul 10, 2018","4,34,223","4,57,193","4,59,753","4,32,821",-,-5.06%
"Jul 09, 2018","4,57,344","4,61,011","4,66,632","4,55,710",-,-0.85%
"Jul 08, 2018","4,61,272","4,64,972","4,66,966","4,59,464",-,-0.80%
"Jul 07, 2018","4,64,972","4,53,997","4,69,400","4,47,801",-,2.43%
"Jul 06, 2018","4,53,942","4,51,316","4,55,915","4,44,182",-,0.44%
"Jul 05, 2018","4,51,931","4,54,641","4,60,471","4,44,744",-,-0.60%
"Jul 04, 2018","4,54,641","4,48,391","4,62,195","4,39,950",-,1.60%
"Jul 03, 2018","4,47,489","4,54,750","4,59,839","5,973",-,-1.58%
"Jul 02, 2018","4,54,654","4,34,561","4,58,691",5,-,4.61%
"Jul 01, 2018","4,34,602","4,37,463","4,40,221","4,29,181",-,-0.66%
"Jun 30, 2018","4,37,470","4,24,568","4,46,005","4,24,568",-,2.95%
"Jun 29, 2018","4,24,917","4,02,474","4,29,359","3,97,848",-,5.41%
"Jun 28, 2018","4,03,121","4,22,756","4,24,934","4,01,137",-,-5.08%
"Jun 27, 2018","4,24,714","4,14,773","4,25,941","4,11,161",-,2.07%
"Jun 26, 2018","4,16,086","4,27,419","4,27,826","4,13,857",-,-2.59%
"Jun 25, 2018","4,27,139","4,17,101","4,30,395","4,12,758",-,2.37%
"Jun 24, 2018","4,17,237","4,18,045","4,23,393","3,91,849",-,-0.06%
"Jun 23, 2018","4,17,502","4,10,071","4,24,085","4,08,252",-,1.81%
"Jun 22, 2018","4,10,078","4,55,434","4,57,311","4,02,887",-,-9.95%
"Jun 21, 2018","4,55,407","4,62,114","4,62,114","4,53,605",-,-1.46%
"Jun 20, 2018","4,62,138","4,58,177","4,63,615","4,47,853",-,0.75%
"Jun 19, 2018","4,58,694","4,56,650","4,66,438","4,54,267",-,0.50%
"Jun 18, 2018","4,56,390","4,38,514","4,62,167","4,34,419",-,4.16%
"Jun 17, 2018","4,38,160","4,44,168","4,49,844","4,37,418",-,-1.33%
"Jun 16, 2018","4,44,086","4,37,177","4,48,448","4,33,418",-,1.63%
"Jun 15, 2018","4,36,972","4,52,576","4,52,576","4,35,493",-,-3.26%
"Jun 14, 2018","4,51,710","4,26,804","4,55,615","4,24,307",-,5.90%
"Jun 13, 2018","4,26,557","4,44,465","4,46,370","4,13,347",-,-4.01%
"Jun 12, 2018","4,44,356","4,63,714","4,63,714","4,35,479",-,-4.22%
"Jun 11, 2018","4,63,937","4,56,283","4,65,510","4,47,213",-,1.79%
"Jun 10, 2018","4,55,757","5,06,265","5,06,265","4,48,394",-,-9.95%
"Jun 09, 2018","5,06,126","5,14,144","5,18,850","5,04,428",-,-1.56%
"Jun 08, 2018","5,14,137","5,18,173","5,18,904","5,10,009",-,-0.82%
"Jun 07, 2018","5,18,389","5,11,591","5,22,084","5,11,591",-,1.33%
"Jun 06, 2018","5,11,564","5,11,811","5,14,685","5,00,758",-,0.04%
"Jun 05, 2018","5,11,375","5,02,291","5,14,914","4,95,253",-,1.73%
"Jun 04, 2018","5,02,659","5,17,075","5,19,218","4,99,937",-,-2.70%
"Jun 03, 2018","5,16,608","5,10,865","5,20,470","5,08,716",-,1.05%
"Jun 02, 2018","5,11,253","5,03,823","5,14,680","4,98,947",-,1.56%
"Jun 01, 2018","5,03,421","5,04,883","5,10,392","4,93,449",-,-0.30%
"May 31, 2018","5,04,930","4,97,380","5,12,558","4,94,829",-,1.52%
"May 30, 2018","4,97,380","5,08,682","5,12,365","4,91,233",-,-2.11%
"May 29, 2018","5,08,083","4,78,911","5,10,170","4,75,081",-,6.16%
"May 28, 2018","4,78,614","4,97,127","4,99,900","4,76,550",-,-3.72%
"May 27, 2018","4,97,127","4,96,363","5,00,315","4,89,130",-,0.18%
"May 26, 2018","4,96,251","5,04,998","5,15,695","4,93,617",-,-1.75%
"May 25, 2018","5,05,090","5,17,218","5,21,810","4,96,933",-,-2.30%
"May 24, 2018","5,16,999","5,15,180","5,27,155","4,96,337",-,0.28%
"May 23, 2018","5,15,571","5,45,956","5,46,675","5,09,113",-,-5.60%
"May 22, 2018","5,46,148","5,74,439","5,74,439","5,42,595",-,-4.93%
"May 21, 2018","5,74,494","5,79,412","5,84,113","5,66,351",-,-0.85%
"May 20, 2018","5,79,443","5,59,581","5,83,512","5,55,543",-,3.44%
"May 19, 2018","5,60,193","5,60,125","5,70,523","5,53,632",-,0.01%
"May 18, 2018","5,60,125","5,48,986","5,62,539","5,37,224",-,1.90%
"May 17, 2018","5,49,701","5,68,272","5,73,560","5,42,767",-,-3.18%
"May 16, 2018","5,67,782","5,79,748","5,80,508","5,50,872",-,-2.07%
"May 15, 2018","5,79,755","5,86,608","5,99,567","5,74,333",-,-1.18%
"May 14, 2018","5,86,655","5,85,224","6,00,979","5,56,717",-,0.25%
"May 13, 2018","5,85,204","5,70,425","5,89,603","5,61,352",-,2.72%
"May 12, 2018","5,69,711","5,67,041","5,81,507","5,53,146",-,0.71%
"May 11, 2018","5,65,687","6,07,325","6,07,325","5,62,518",-,-6.94%
"May 10, 2018","6,07,864","6,30,378","6,31,720","6,06,816",-,-3.56%
"May 09, 2018","6,30,280","6,16,694","6,31,548","6,05,210",-,2.10%
"May 08, 2018","6,17,346","6,27,913","6,36,029","6,07,450",-,-1.87%
"May 07, 2018","6,29,102","6,45,583","6,46,532","6,18,392",-,-2.50%
"May 06, 2018","6,45,212","6,58,929","6,65,784","6,31,756",-,-1.97%
"May 05, 2018","6,58,207","6,48,344","6,67,234","6,47,212",-,1.54%
"May 04, 2018","6,48,231","6,50,389","6,56,069","6,37,576",-,-0.45%
"May 03, 2018","6,51,143","6,19,860","6,55,837","6,10,996",-,5.25%
"May 02, 2018","6,18,659","6,02,913","6,21,269","5,99,636",-,2.06%
"May 01, 2018","6,06,168","6,14,013","6,14,013","5,88,696",-,-1.12%
"Apr 30, 2018","6,13,004","6,26,824","6,27,895","6,04,889",-,-2.11%
"Apr 29, 2018","6,26,225","6,22,267","6,36,880","6,11,868",-,0.60%
"Apr 28, 2018","6,22,461","5,94,254","6,28,476","5,91,056",-,4.63%
"Apr 27, 2018","5,94,900","6,20,079","6,25,958","5,93,161",-,-4.18%
"Apr 26, 2018","6,20,881","5,92,235","6,22,795","5,78,615",-,4.68%
"Apr 25, 2018","5,93,095","6,41,351","6,48,300","5,87,942",-,-7.48%
"Apr 24, 2018","6,41,016","5,95,111","6,46,811","5,94,220",-,7.79%
"Apr 23, 2018","5,94,691","5,82,086","5,98,150","5,80,858",-,2.22%
"Apr 22, 2018","5,81,757","5,90,287","5,97,583","5,79,512",-,-1.42%
"Apr 21, 2018","5,90,161","5,87,149","5,97,781","5,70,636",-,0.61%
"Apr 20, 2018","5,86,599","5,47,100","5,91,247","5,42,974",-,7.06%
"Apr 19, 2018","5,47,913","5,39,686","5,48,871","5,32,990",-,1.75%
"Apr 18, 2018","5,38,504","5,18,189","5,40,642","5,17,234",-,3.97%
"Apr 17, 2018","5,17,923","5,27,189","5,38,376","5,14,218",-,-1.67%
"Apr 16, 2018","5,26,725","5,45,148","5,48,469","5,17,070",-,-3.42%
"Apr 15, 2018","5,45,389","5,21,873","5,49,164","5,21,873",-,4.55%
"Apr 14, 2018","5,21,661","5,13,911","5,33,520","5,10,086",-,1.63%
"Apr 13, 2018","5,13,282","5,17,125","5,36,891","5,06,540",-,-0.77%
"Apr 12, 2018","5,17,272","4,53,211","5,26,490","4,42,361",-,14.16%
"Apr 11, 2018","4,53,092","4,44,106","4,55,005","4,42,356",-,2.01%
"Apr 10, 2018","4,44,161","4,39,220","4,47,499","4,32,165",-,1.22%
"Apr 09, 2018","4,38,805","4,55,956","4,66,888","4,29,025",-,-3.63%
"Apr 08, 2018","4,55,352","4,47,469","4,61,381","4,46,904",-,1.80%
"Apr 07, 2018","4,47,293","4,29,259","4,58,537","4,28,467",-,4.32%
"Apr 06, 2018","4,28,772","4,39,526","4,44,959","4,22,955",-,-2.44%
"Apr 05, 2018","4,39,482","4,41,308","4,49,272","4,27,505",-,-0.37%
"Apr 04, 2018","4,41,092","4,80,588","4,81,527","4,35,536",-,-8.31%
"Apr 03, 2018","4,81,088","4,59,451","4,87,460","4,56,759",-,4.77%
"Apr 02, 2018","4,59,183","4,43,765","4,62,912","4,41,128",-,3.55%
"Apr 01, 2018","4,43,433","4,50,696","4,57,504","4,18,788",-,-1.58%
"Mar 31, 2018","4,50,550","4,45,171","4,69,992","4,42,073",-,1.06%
"Mar 30, 2018","4,45,815","4,61,841","4,72,583","4,27,800",-,-3.18%
"Mar 29, 2018","4,60,457","5,17,559","5,18,721","4,48,345",-,-10.88%
"Mar 28, 2018","5,16,668","5,04,731","5,27,963","5,01,969",-,2.45%
"Mar 27, 2018","5,04,335","5,27,152","5,30,992","5,01,343",-,-4.07%
"Mar 26, 2018","5,25,731","5,48,705","5,51,922","5,07,856",-,-4.21%
"Mar 25, 2018","5,48,840","5,54,358","5,62,954","5,44,487",-,-0.67%
"Mar 24, 2018","5,52,534","5,79,451","5,85,690","5,52,534",-,-4.56%
"Mar 23, 2018","5,78,927","5,66,692","5,78,927","5,37,780",-,1.91%
"Mar 22, 2018","5,68,090","5,79,176","5,92,112","5,52,683",-,-1.92%
"Mar 21, 2018","5,79,218","5,80,895","5,97,685","5,72,035",-,-0.25%
"Mar 20, 2018","5,80,654","5,60,130","5,88,707","5,41,997",-,3.53%
"Mar 19, 2018","5,60,870","5,34,227","5,67,062","5,27,680",-,5.01%
"Mar 18, 2018","5,34,106","5,11,050","5,37,865","4,76,551",-,4.24%
"Mar 17, 2018","5,12,404","5,36,905","5,42,739","5,04,328",-,-5.04%
"Mar 16, 2018","5,39,586","5,37,157","5,59,103","5,13,632",-,0.71%
"Mar 15, 2018","5,35,772","5,30,178","5,46,273","4,98,858",-,0.76%
"Mar 14, 2018","5,31,720","5,92,624","6,09,443","5,14,638",-,-10.23%
"Mar 13, 2018","5,92,306","5,92,664","6,15,508","5,72,871",-,0.07%
"Mar 12, 2018","5,91,904","6,19,000","6,43,158","5,71,896",-,-4.24%
"Mar 11, 2018","6,18,119","5,69,226","6,31,195","5,47,476",-,8.66%
"Mar 10, 2018","5,68,882","5,98,594","6,16,882","5,65,761",-,-4.99%
"Mar 09, 2018","5,98,789","6,05,437","6,13,223","5,43,695",-,-1.06%
"Mar 08, 2018","6,05,222","6,41,902","6,57,492","5,89,153",-,-5.58%
"Mar 07, 2018","6,40,959","6,95,890","7,07,149","6,13,006",-,-7.90%
"Mar 06, 2018","6,95,930","7,40,149","7,40,855","6,85,848",-,-6.81%
"Mar 05, 2018","7,46,813","7,50,447","7,60,507","7,43,227",-,-0.46%
"Mar 04, 2018","7,50,251","7,45,863","7,52,533","7,21,250",-,0.62%
"Mar 03, 2018","7,45,603","7,18,805","7,51,275","7,18,805",-,3.79%
"Mar 02, 2018","7,18,349","7,11,558","7,29,462","7,03,027",-,1.08%
"Mar 01, 2018","7,10,645","6,72,994","7,22,618","6,67,218",-,5.63%
"Feb 28, 2018","6,72,765","6,86,172","7,20,244","6,70,918",-,-2.25%
"Feb 27, 2018","6,88,282","6,68,993","7,06,419","6,56,389",-,3.04%
"Feb 26, 2018","6,67,951","6,19,894","6,76,559","6,06,010",-,7.97%
"Feb 25, 2018","6,18,665","6,26,759","6,38,072","6,02,083",-,-1.29%
"Feb 24, 2018","6,26,730","6,57,820","6,80,840","6,06,492",-,-4.98%
"Feb 23, 2018","6,59,571","6,38,142","6,73,902","6,22,639",-,3.40%
"Feb 22, 2018","6,37,888","6,78,225","7,09,804","6,32,779",-,-5.83%
"Feb 21, 2018","6,77,381","7,26,795","7,29,210","6,63,639",-,-6.89%
"Feb 20, 2018","7,27,541","7,20,665","7,65,754","7,19,858",-,0.94%
"Feb 19, 2018","7,20,794","6,68,690","7,25,290","6,63,764",-,7.96%
"Feb 18, 2018","6,67,628","7,11,707","7,24,524","6,52,229",-,-6.02%
"Feb 17, 2018","7,10,419","6,54,516","7,13,639","6,48,204",-,8.47%
"Feb 16, 2018","6,54,934","6,38,364","6,58,444","6,21,519",-,2.36%
"Feb 15, 2018","6,39,808","6,05,165","6,50,506","5,98,014",-,5.68%
